spotifyid,link,genre,notes
4zKbPdCC2o8726tHh5sEJw,https://p.scdn.co/mp3-preview/0fd08ae58ab3675206c12bbbc67c49eb98ea3b5b,Jazz / Blues,
1wY2gZb4aKhx05mUrg8x2d,https://p.scdn.co/mp3-preview/8dd44a8183add6ceb65ddd72d4c8e80fd724c2b8,Rock / Pop,
18PticKHxKOD0FCegKP4YW,https://p.scdn.co/mp3-preview/f32a0c2d8f2beda7d68c2aea2742833747bb94c9,Rock / Pop,
036pGlJwc9ZVFJNLmniSbF,https://p.scdn.co/mp3-preview/3b7ce15b4c08506321c272c2584558e26ce47ae1,Rock / Pop,
6OuiRNPXRjGNBJ9SF2mlZN,https://p.scdn.co/mp3-preview/02e6e01ccfa65cf7550040053edc5e0b613f1b4e,Country / Folk,
64ftARyBecFe8itpArVNhP,https://p.scdn.co/mp3-preview/e647b847b15279004c7a2b6b46fe28a81bccd967,Rock / Pop,
0oZAFNVcD3oUuidvh9LeDI,https://p.scdn.co/mp3-preview/1b5d682bb6a58bd4f4d9fd7acbf2999b6a41beae,Jazz / Blues,
5IMLo7isyDYuMck9tDYCi9,https://p.scdn.co/mp3-preview/cddbec51a5a66494349f00669b6185240ad18a75,Soul / Funk / Disco,
0aqxViT9Cyq6ofVqRYeQCd,https://p.scdn.co/mp3-preview/31e157f03ecaa6e3f6cb3a5a60eba9a85fc00b64,Rock / Pop,
35lmSRSLjbPYMSxSWhJ3GN,https://p.scdn.co/mp3-preview/85ac5feea217797e1759245538ece3232bf9de95,Soul / Funk / Disco,
7tWKNeaVjwyg7B9De4Pwrm,https://p.scdn.co/mp3-preview/32ab7a6841a0bba4633c255f60ca26caad38e28d,Country / Folk,
45d8EcIMeqzanZWgHXcHe7,https://p.scdn.co/mp3-preview/a1dc1e58b229fa912cfc8163b93dc4c764e72175,Soul / Funk / Disco,
6bmWHbCPo6TqUazkWelU6J,https://p.scdn.co/mp3-preview/0a05270e93f7fc2281a792aad7b95d2b7e7432cf,Country / Folk,
6bTrKgSoZKVHkecoa3t8LO,https://p.scdn.co/mp3-preview/440e9912f171e0d5418ce867d3b2fceada9c66e8,Country / Folk,
0vvkyt5u2L1tbV6Jj9SCkz,https://p.scdn.co/mp3-preview/f51e8b109c1622af42cd7778018e467b4be486dd,Jazz / Blues,
1fbWOWEIlyILGyZttzZwOG,https://p.scdn.co/mp3-preview/6e6e5c689e2a4a2a107b6639d80791adf4418d4b,Soul / Funk / Disco,
4tQbBhcPkFzVUKUqCfZf9o,https://p.scdn.co/mp3-preview/ff8af64a6da7bd7f45bd8afd61bed51845edbad5,Soul / Funk / Disco,
7MTlbiPo9GnafPiCzCKgyb,https://p.scdn.co/mp3-preview/98ea631f8a76e0b8147af6a82859955745c8e61e,Jazz / Blues,
5TlL2RpFYdJQfWU6bW639B,https://p.scdn.co/mp3-preview/ec7e1660994c84a5d304e43058f1465107cce14a,Soul / Funk / Disco,
6dDxbZRJmPpTMepSZYezKT,https://p.scdn.co/mp3-preview/9caaa008e9ee02b16a6b92dcd626face22eb79b8,Country / Folk,
7jODj0FxUMqETlRuoq42b4,https://p.scdn.co/mp3-preview/9f1fa5f09ff965cabb5e37ca430ef26c769f6242,Country / Folk,
15NsIL6wT4YzumVfu5oRax,https://p.scdn.co/mp3-preview/3fa84d6844f29c8e3a691e36b22d597aa10e00ed,Soul / Funk / Disco,
1LNWjXO9fOhgJuq4H68Gay,https://p.scdn.co/mp3-preview/2a5fe5a0ca5a84fdfe6173cf464f7cf17df43a9f,Soul / Funk / Disco,
00HqqYWAkqSUSq6Ut3DKqw,https://p.scdn.co/mp3-preview/ba89d8b181ed4ad7765010067f8b4c006cdef9ea,Soul / Funk / Disco,
2Nd9pBHJ17mzSx6MBudnbS,https://p.scdn.co/mp3-preview/07e63e78659f494e5b4389fac2314d6b18f0e799,Country / Folk,
31SFFgf9CwIhP45uodF2dT,https://p.scdn.co/mp3-preview/6e6f8c6132ebdc98ff2398f8d2254caba7f87022,Country / Folk,
0wwSx06aqZo3VlHVHLnbpR,https://p.scdn.co/mp3-preview/2b3d2dad1227449557237652740ee4af1658a26e,Rock / Pop,
3BQ0M9S82KcN56I9uen3DE,https://p.scdn.co/mp3-preview/3fae1fe4fd11ffa1282a196942f0c416a11457ae,Soul / Funk / Disco,
26UaPHoehp8r8zJUqYFuqF,https://p.scdn.co/mp3-preview/b0e22d5fbcf207ad3466496280543c7461ff2c72,Soul / Funk / Disco,
1RfDbvbbBjVKzQgYQRrnmF,https://p.scdn.co/mp3-preview/f6f8f9bc7682bc9f0bcec90c0446f430a7cbb026,Soul / Funk / Disco,
5za2oHncCBuSZbHZNOAnce,https://p.scdn.co/mp3-preview/aed23b0ce6c58b4f1b25806ea3df263dcc50ab58,Soul / Funk / Disco,
4I3VzN0bQMmEDsmkeDgoCh,https://p.scdn.co/mp3-preview/cf5284dd50190d075fb691ff8186b5d50e889aac,Instrumental,
5CRnP3wuSA0IRE3LSyJEf8,https://p.scdn.co/mp3-preview/e5891ccd04ff661284418ef3672273a51e4c3c95,Classical,
5dLVwVbsGOCHksLl5bDZJd,https://p.scdn.co/mp3-preview/3ed8d1a4357015897b9c8e7f7a8d0d3cdb7e5e4d,Soul / Funk / Disco,
4h2h5LjyrUhlVfElXJKkwY,https://p.scdn.co/mp3-preview/09a6a79087a1bd9b396eddc8a0749132c5ae3d50,Soul / Funk / Disco,
4w7HC9dcKvt1GAYJMoVhbG,https://p.scdn.co/mp3-preview/e646950a1c221b56bb98ecbb50f06b9fd6c59940,Instrumental,
4WYYHglCkwOnhyYlnspHKC,https://p.scdn.co/mp3-preview/27273e704d6343fdc823ae4e214bb1ddded0736d,Instrumental,
3mbC1gdu9JN1YVvyHWaZwC,https://p.scdn.co/mp3-preview/78db50f23a13c8291f6fe654c0dc40fbc3b1d693,Country / Folk,
2MDsPJEDAqtZJwUoB8KY4D,https://p.scdn.co/mp3-preview/982d6df31a4eccca1fdcdb2fcaeca0ef2e125d22,Rock / Pop,
4u8CnzLjHcZPcMCyawEhok,https://p.scdn.co/mp3-preview/53fba1e88c596cc463ada306dd23371cf5659a9b,Rock / Pop,
4le1791to9F90ONaLP1wPu,https://p.scdn.co/mp3-preview/3f8d114c77246e92b379fb0f5bb74a232d93a19a,Rock / Pop,
5ZfbgEVemeCROpsnrgsL5W,https://p.scdn.co/mp3-preview/c219259406f83427c8816d4c33142d16e3d66350,Country / Folk,
6HVKpVhYD0LAH6IgSWvFvT,https://p.scdn.co/mp3-preview/4691ed4adc443faa8829d9683adb7215e7d0acbf,Electronic / Dance,
0foOvSYoV5Y9KikZZYYOih,https://p.scdn.co/mp3-preview/288c0895fac0f820647eebbf8e704de47b221f94,Rock / Pop,
6oAg2LmuOzr5c2T9XAI7h9,https://p.scdn.co/mp3-preview/7a96539ca277baf8180526fdfb5c7ee00e1f8f1d,Country / Folk,
4djKcHwFsj7iERvvSdkiMh,https://p.scdn.co/mp3-preview/36f08847d44ed2c3fc4fd4cf87909150741631ee,Rock / Pop,
5SxVi2cFHA2dlyJLPYeiBP,https://p.scdn.co/mp3-preview/08b46c52dc05e506769d789d2241fddb796f6b75,Rock / Pop,
3X9Kv2UuINBSaOt8YdmhR3,https://p.scdn.co/mp3-preview/fa8b85e6eca0c7a7ff1cda6ab65cc928ca131433,Soul / Funk / Disco,
7Kevg9ZoKNMT3uNuz4fOmh,https://p.scdn.co/mp3-preview/9b848270d4c74bbfd2faa4b5d8151dba444fc528,Country / Folk,
2b7dgxPTNoKuGpEmA4OZg1,https://p.scdn.co/mp3-preview/4c571b5f367c2cf6dd0a10fc46abd85bc6434e66,Rock / Pop,
2YUQHX2CexpLIHNvXUiwdR,https://p.scdn.co/mp3-preview/7cf53d9ae1443da3dbdf3ac34e13d1008ac33251,Country / Folk,
6xS9VDmREYFio4BNGFImjc,https://p.scdn.co/mp3-preview/73d9d56f3bd8adfc1a31a40f2a759d73fe0dfe1a,Soul / Funk / Disco,
1Nt1qYeXNL5Av9Kp5QwTqV,https://p.scdn.co/mp3-preview/580b29dc7dc15851ee6dac54972ecbb07c85808d,Hip-Hop / R&B,
3BxFBrbspko3bVHWKrawAW,https://p.scdn.co/mp3-preview/d257cd8e47528f937903be948ef88c8e76adad19,Jazz / Blues,
2us6HxwwgIaQtL4o80M00Z,https://p.scdn.co/mp3-preview/92cd6d2dd848e442ddb9a6601de3b3393e813218,Jazz / Blues,
2Rqeq6s8K7XyB78ZLQuTxo,https://p.scdn.co/mp3-preview/cf03b3984494f420f785771d141ccd484a0d204d,Jazz / Blues,
0y2F4Fqj35Tov8lxFYTAuO,https://p.scdn.co/mp3-preview/c6b18c36c7ce3c177ade665f120c8bf402ebcf63,Soul / Funk / Disco,
4RKCHn6JdfQuLxwWDYYErQ,https://p.scdn.co/mp3-preview/ea8ab7b6809f86a49762865bec15d727d5dcc1ee,Jazz / Blues,
4ZxFKHrhN7uXdst8fqUzvr,https://p.scdn.co/mp3-preview/226c01767a8cc6998d228f2b19a13d7933ae29f9,Soul / Funk / Disco,
0GQVZndjnYknxJdI4pDyRP,https://p.scdn.co/mp3-preview/bc415de6539e92f378317b5877b2e3c5b77e1be8,Jazz / Blues,
3FlnU0OaOEcfOHRyfUWV2I,https://p.scdn.co/mp3-preview/b8065654b0318298acc2e33f99dba87f528b972f,Soul / Funk / Disco,
0dIFPhHaE7eevyTaYNt4EV,https://p.scdn.co/mp3-preview/1334b985add35a905193c9b8ec47876d8247fb5c,Soul / Funk / Disco,
5iMvMHHf4McLEi6gj9puu9,https://p.scdn.co/mp3-preview/e6c20c1af55920eca099ca73d7ea4578d25a5c2e,Jazz / Blues,
2Ffd6o9rwIuckM44I8S5tp,https://p.scdn.co/mp3-preview/e3f83a684ba80c8bbb188eb82284ac0d06a3b15a,Instrumental,
7AqqhlpyKyhU6GoOSCJHPa,https://p.scdn.co/mp3-preview/77ff4ddadf43bce3fefad90f5f007ed2a42d92ab,Soul / Funk / Disco,
0DGlHaz21CuIgHhgbWVQAf,https://p.scdn.co/mp3-preview/c90c53eb61006cac05e10504fac0405c68506e1d,Instrumental,
6F8u1IvpfzXYC407L8gdyE,https://p.scdn.co/mp3-preview/8892fc2ebf0c02ac70e278bc189b503823c13248,Soul / Funk / Disco,
3TRZ4FaQuWmZKJW0r4uah3,https://p.scdn.co/mp3-preview/c42653b40ed19ccec4361ef182acdf2d2aad867a,Rock / Pop,
2t8DKy5csqBnhgSeKASXix,https://p.scdn.co/mp3-preview/ad73f959ee98370fa8bfd63e24d4963b8a7575da,Soul / Funk / Disco,
65wluvJNqci015iHQGbkRw,https://p.scdn.co/mp3-preview/845f269a4b576a1c70f2f22157c1090990fd9eeb,Jazz / Blues,
1ABgf9dk52llkS7c4tnin9,https://p.scdn.co/mp3-preview/29050a6da540bbcc0d39e70594fa73b38a45cc38,Soul / Funk / Disco,
32Ex3b1Zppq8xvaRhDlCaY,https://p.scdn.co/mp3-preview/04ce6dd74b9f21e337b3599d27c19b2b4579f531,Rock / Pop,
22DNouY2PGSeVKGNZUUYdB,https://p.scdn.co/mp3-preview/5490eaff3e6b0ec342c52a1700110f8dcfb3bfb0,Jazz / Blues,
1yfgMwpQ30ZaJTQwxYvg2B,https://p.scdn.co/mp3-preview/c0bafa0dd098ce4c55f789d4465a29e4e4566490,Hip-Hop / R&B,
6wNeiylbvGTJqqV7blh67f,https://p.scdn.co/mp3-preview/b9c49e87bf7b3b5e222b3119ecbb1035ecab6538,Country / Folk,
0YdvOi1wtAInrJe2cWiPMv,https://p.scdn.co/mp3-preview/40bd4c4cd6b93af006589728df4b73b73d03caac,Rock / Pop,
1JuioOiu0OZCuTgSCx0PgU,https://p.scdn.co/mp3-preview/f376f850d4863bbd6e0e074f73dd0b01a8cf88c9,Rock / Pop,
6sev5iVSDla0WVY40xRTbo,https://p.scdn.co/mp3-preview/24aa495de3d20cc28d4b9d8fedc2b317d373f776,Country / Folk,
7BV9sxEgwJAD38a8lp0gYb,https://p.scdn.co/mp3-preview/055f8b36abc880ace0ac16d75190d1a35a1ec7cd,Rock / Pop,
76foQC9lBIEu0KDbCAE8zf,https://p.scdn.co/mp3-preview/bcdbb2dd51ac1259e66f506046f4d4b5c2064053,Country / Folk,
6SVuFtsvyGuOTLbKsvqvE6,https://p.scdn.co/mp3-preview/4521fa3f5430a9719842c8c8cfb7e56282b048b1,Rock / Pop,
0tUQyxUE5bPV6YFMPifEAb,https://p.scdn.co/mp3-preview/d0ca39c7bdc262f99f6cb19239e62691f003f68f,Rock / Pop,
5rlmXDWHCMTzc1KAZisaEI,https://p.scdn.co/mp3-preview/327f49f069f3e5c98aa795ebb278999b6f9e0431,Soul / Funk / Disco,
6goMcaRTKEWi1XIQ2hYA9X,https://p.scdn.co/mp3-preview/f6bbdbf6c9b9ce420cb24974617a51f0b4aa6a76,Rock / Pop,
3Eh5OiAh6FJIDZth7tZHij,https://p.scdn.co/mp3-preview/a2df8729ce8491ffc1159d610861588fa5fa0917,Rock / Pop,
0mHgsaVhgRZFx1aE8TFX06,https://p.scdn.co/mp3-preview/47232b9c0e2a9e900611456ef422b6a7525bb369,Rock / Pop,
7Befk2b6lcL0M0LtFtI7Pj,https://p.scdn.co/mp3-preview/c5e60614c4d37438994a946cca00f71e5116d72b,Soul / Funk / Disco,
35DARULSoAIBKtzG9NPhEw,https://p.scdn.co/mp3-preview/04e2f23bb3f457edece1f1e54d753dc8e1956e52,Rock / Pop,
6Ri3c8ZdzcAVgkYvkvZhXG,https://p.scdn.co/mp3-preview/c3afd8d744c5d00be88b82c1695fec3ac44512f3,Other,
3D1o8AX6mmiW7AB3qQR6du,https://p.scdn.co/mp3-preview/c663607c3ef1c4fd2d3ccbf0176eedfab7027a46,Rock / Pop,
2iV2vk5iWB835v3DkxiSm9,https://p.scdn.co/mp3-preview/9f6def7399b9f5fa42e21fb74d878a9fba9531ac,Country / Folk,
0sTnAYChEJJRdN4UkWh8lh,https://p.scdn.co/mp3-preview/041555b0e10ad6bdd9cd19d5b8e3ab96f129141f,Country / Folk,
6QNoUtm2UCyx05hWg6hUMC,https://p.scdn.co/mp3-preview/2f34a3197d17826726fa7f4aaeced90ac70b3dab,Rock / Pop,
7ywRzgEeXRl2n9peaY3T0M,https://p.scdn.co/mp3-preview/0e0d49de744504b7c4f6a9866099e7bca3abb64b,Country / Folk,
4VUWaLcHxw3GqWKzmM8d9Y,https://p.scdn.co/mp3-preview/623b58c98efcfc82d86921742f6467ce9412e104,Rock / Pop,
7jHgcBbJ2apigcymFjKpwV,https://p.scdn.co/mp3-preview/f75455d25f6651da2587f2736ce9053e3e8cfd40,Rock / Pop,
3zZXPZYPLCDPxjVuDSO04A,https://p.scdn.co/mp3-preview/d143da5316f7bdedfaab6723b15ebc31b6c6f7cf,Rock / Pop,
4RpE0CxS911ZZ2jV29wZ0G,https://p.scdn.co/mp3-preview/13ec9299e26a1f8b7d85ed812a62c61d1627ed82,Country / Folk,
3gGkzrGSU1vyFWDuegFo6w,https://p.scdn.co/mp3-preview/5698f13a9a170054f1e12a03220b47b02feac2de,Soul / Funk / Disco,
5Za40sgB0MiepRMcV36FhK,https://p.scdn.co/mp3-preview/fc0c6344450504380660586227c7d65e341fa18d,Soul / Funk / Disco,
4Xf7h2i79JQcH2tI5OUbgf,https://p.scdn.co/mp3-preview/f352366ab605126a66dc4c93abb7a9a20ea9e729,Classical,
2wAylEs7Z4Puo7isAB9AmZ,https://p.scdn.co/mp3-preview/cd078d83d0751278f89f5c1bd39a405e632e6c94,Rock / Pop,
2zhXFpTDdEhV670qoQOlhk,https://p.scdn.co/mp3-preview/682ec735f3f02ac693e7ed191f8a6997076ff9b2,Rock / Pop,
1kKu94HEkzxPAHu79Vaieu,https://p.scdn.co/mp3-preview/3c164f0b1af3c7ffe26585bba25fd4017a535ba6,Rock / Pop,
2Q99uwVK0Xf8fS8GgEjNCy,https://p.scdn.co/mp3-preview/7128b4f367699dd814f97e288d848587725f87d4,Rock / Pop,
2RoPntWsZDC4GBqcuIUooq,https://p.scdn.co/mp3-preview/d19fa86d0e25e66078eb24f26303802168b59bba,Classical,
02FL5rzPup35zsuPbChlo5,https://p.scdn.co/mp3-preview/96e300ec29d0e1677b750d0f96abb440104054e8,Country / Folk,
09md2L7Tdjw3QnqIeLQ1Ng,https://p.scdn.co/mp3-preview/f53e9ce250a0e8c555c12e15bb7ad3bedef412a8,Rock / Pop,
1CO5BWnP5fihWrnZrvtR7H,https://p.scdn.co/mp3-preview/c6c9c213b9a30a7a80678b3383f0fd9841ee53c4,Instrumental,
7gbfDTr6t5LZuUxgjAmQu7,https://p.scdn.co/mp3-preview/921fb2cbb11ea46c28cb69029f5c46f00a4bc498,Rock / Pop,
7ol2mVqDaMhe5FU0ZWvRIM,https://p.scdn.co/mp3-preview/049fd3b6b8e718d85e637c55407d35108c26a9da,Soul / Funk / Disco,
7H8wowUoquFvmoFxvm0AOl,https://p.scdn.co/mp3-preview/fbcf0a5661158442117c51f940375eaeffbe98bd,Instrumental,
4lEsslbUX5zVkqPiaUbVoo,https://p.scdn.co/mp3-preview/2d09441adcdca88b2a89428662220bf20cc6b67d,Classical,
0x4hgUJKtEumf46t33r30g,https://p.scdn.co/mp3-preview/80699dac56f1a4cd31bc85fcf9056b8c8a7b4c48,Country / Folk,
1D2Fyi8073rpaSLvEzHySw,https://p.scdn.co/mp3-preview/dbc14ac8bd8b396ec16b7dae887e147af6034a67,Rock / Pop,
13YUN4hPaXUoMLG390ynJ0,https://p.scdn.co/mp3-preview/cc598d5e517dd0e500c113e6e9b72543606f0fa2,Soul / Funk / Disco,
4ftreZ7vSDlPQtUI7xYAN6,https://p.scdn.co/mp3-preview/1f052186eb5b7bb7e3392d4b0c8eb695fde11e4b,Soul / Funk / Disco,
3ZJuuYu6emTMBPQSBJ82jr,https://p.scdn.co/mp3-preview/c5beaae6db0db957d4fc2036fcee624d91283283,Classical,
279tgopO2kq14GIIr2ocCJ,https://p.scdn.co/mp3-preview/5b8ab075a981a89f90fe915ea21be50ba186249f,Classical,
40m8cswtJIU5YwbHpvw5DS,https://p.scdn.co/mp3-preview/8ce882a92c583f65dc200b77ff73433c6e4f6f04,Classical,
2xwYoqvUkERx04XXAdvFfl,https://p.scdn.co/mp3-preview/1c50da7746994cfdeb7508739bcdcda943bea051,Country / Folk,
5YcIZjtsqMJyKOb0Srqdf8,https://p.scdn.co/mp3-preview/18c1020b200a148c9c472e33855d23db47967fbe,Country / Folk,
3FSVQA1RQ6SVaEWTT3hBTd,https://p.scdn.co/mp3-preview/261d7da663e2537de4bc54e7111e7f743b651326,Classical,
0z1CukSFfISQhCQguD4cQI,https://p.scdn.co/mp3-preview/1f968f65ee3ef5b90959e515bd73c04152ee5dfd,Rock / Pop,
0FBTjlr8hFgNd4hT1BkyyV,https://p.scdn.co/mp3-preview/7c37fca6888bf33f9fe87fc4e92d7f21f3ac2d83,Other,
5GeDynV6EFbQ2LBlnToQDt,https://p.scdn.co/mp3-preview/288660e50989c33e20cff03dc539de575e9d1109,Other,
5WOohKWwi9he8vDtzB9kKQ,https://p.scdn.co/mp3-preview/30660eddbf88150ba2f37593ded913cc4e9a545d,Rock / Pop,
2T8qCsWbb0KTo3LGHIYG41,https://p.scdn.co/mp3-preview/f00170721a402ab41ec2c2b7f54b9aaf0af5e916,Soul / Funk / Disco,
0tkdIe00XRTXPgBaIJAJTK,https://p.scdn.co/mp3-preview/ad9a27b3729995d4bbb6412711fdea5f22d990c0,Soul / Funk / Disco,
2DjJrZksXcZPtzdov62qwl,https://p.scdn.co/mp3-preview/f73b2593c4944210c48b8c9bb9b3f5bce85f7b6a,Instrumental,
3xqYWNldG89NEZnNIonZqV,https://p.scdn.co/mp3-preview/549f3d4962862c2916e5a4f18db46ad2dd06c58d,Classical,
3Pp7QwieYBOvbUBVUSsL2j,https://p.scdn.co/mp3-preview/3a56cfee701aa8f4f221c72fd0cc2160909a5923,Rock / Pop,
0ll6ISX9xbTWTtDUOHqJGG,https://p.scdn.co/mp3-preview/5bf1d3bb6e74854655065d042de5549af0e2454e,Soul / Funk / Disco,
0QAG1lGD9uHgkGAepuPiEh,https://p.scdn.co/mp3-preview/2c7964666a579c6e5a4101205b5e64dff3e66a5e,Rock / Pop,
4qNlOROAi5Wz1VRglRJkBw,https://p.scdn.co/mp3-preview/66a9402a504cbb96d5f507f3c98a808b66bf2651,Jazz / Blues,
6J6t20RcVb0wBwrF7i7VsA,https://p.scdn.co/mp3-preview/2c74cf092c3e805c51dea69d0c6eea1fcf2516c6,Rock / Pop,
6jFpmmNQL6SfuSQHi4dgai,https://p.scdn.co/mp3-preview/43f4d4f117528d98faef33403b074f19cdc92a14,Rock / Pop,
12uZkCP24eBfruBsN6CdV0,https://p.scdn.co/mp3-preview/df6f8bc05e008f6f07a84dfc7cc999276a0476be,Classical,
2fDzQcZjbxXaOHQzs7Xkgu,https://p.scdn.co/mp3-preview/5f7ed2bdf8fa16a7b3e9f0923f2ede947fb78f28,Country / Folk,
2x9qjXEUl3wneXcdJfSYAY,https://p.scdn.co/mp3-preview/50643584cd62b87f33ec2823e00b11f29b4aa467,Instrumental,
2EYocopgaVI0nvaS8pAXtR,https://p.scdn.co/mp3-preview/8a078fb99283841c89f4d853a7c239a4b228bb59,Country / Folk,
4NjA6YOc1X2bzPv8312V5V,https://p.scdn.co/mp3-preview/4306196803c4dfa550e8b9974f4e4408a8bcf557,Electronic / Dance,
33LqXBuY6jE9Ali9rlD1ZI,https://p.scdn.co/mp3-preview/3ef69dc03d099cfee244827353dc452e347d4fc9,Reggae,
6SntTyYxX8LiDlYp070fsi,https://p.scdn.co/mp3-preview/490fc729f3f3aa33bd537bb5d6eb0ca0903a6162,Reggae,
511adepca5yWS2S79sC5ja,https://p.scdn.co/mp3-preview/a4bde3176b6111d9661793c48c2e199754be3d77,Rock / Pop,
4YAIyEjyPLTyhlTRcLJ8tQ,https://p.scdn.co/mp3-preview/08798672be0e9abdb79d7b9a36dce66d44b897d7,Country / Folk,
7uR53WX07qkgvuVo7cytPd,https://p.scdn.co/mp3-preview/e50a0517a0db31115a21d916700db5a15fbc1ee5,Rock / Pop,
4QSfZYmg9HPTUrzVHHn6jG,https://p.scdn.co/mp3-preview/3ce027c8e339fe213605af5f0b63caf8db5f5fa4,Rock / Pop,
3YFMrA2CT1YBwXBwMHVdYy,https://p.scdn.co/mp3-preview/5e12812415dbf668ad973886e6f588335c816116,Country / Folk,
5H7DfXw53z20MGRm4FDwKh,https://p.scdn.co/mp3-preview/fa73fdf1832ca48d2cf1aa87b493135213e3623d,Rock / Pop,
2Exc9pTDySF1Qn8blmMVci,https://p.scdn.co/mp3-preview/3cf9aceded1a0f4d747d4da3f47dcac964f530ca,Rock / Pop,
6lwF4rxPX9lllb4tuDiQik,https://p.scdn.co/mp3-preview/25aa3737d6b6a375ef5b7098df06d7727cac63f0,Soul / Funk / Disco,
1F7S7LFt8lVovxpU4ybg11,https://p.scdn.co/mp3-preview/4eff808e93d6507a0a1ed74fd4d2225fcf23814c,Rock / Pop,
0oYkCOKn81WgtboFU1v9KO,https://p.scdn.co/mp3-preview/10f498570d117c944cf267fe8bdce60c354ee880,Rock / Pop,
6NEwXjjGXAPXVVqYboXjTt,https://p.scdn.co/mp3-preview/61cbd4f0b4c8c21e9ce3760f687ae81c63c46069,Jazz / Blues,
0nbZxruH5f0vIfzkAuOnYe,https://p.scdn.co/mp3-preview/23528dc0e4496c0df4e7776bcb18a70aed13c577,Rock / Pop,
20c2cnuC6AJmCtmFRhKZED,https://p.scdn.co/mp3-preview/caa6ae3bba49f50e0cc4b29faed014fc4a6753a8,Rock / Pop,
6jG3Tm7NUzuVh9gekXrx3R,https://p.scdn.co/mp3-preview/6ef9826141286318a743c1711ed87415fcbb4ab1,Instrumental,
296ZEns4rqyMXvEK3iVvGk,https://p.scdn.co/mp3-preview/048194e764e4e7250a66ffc7f36a4c975ba8db5e,Instrumental,
2PXrxTvY6lTvj9minqKvH9,https://p.scdn.co/mp3-preview/71904a18b71e4245585590ce82b1d32284f32351,Jazz / Blues,
0CwV9aJDea78yRbMlLOcra,https://p.scdn.co/mp3-preview/a9229fbe4eef229126ab79d77f2d688941bd1911,Rock / Pop,
2XA5AiqoE2vScsWabu1yQw,https://p.scdn.co/mp3-preview/0d6a4dea227f08904abd15d7e0b18ce6f85e02a1,Jazz / Blues,
69PtS1YEQjaVhpPQHqwqDv,https://p.scdn.co/mp3-preview/e38536905dcceec40f08c579288b8347ccd62a6f,Rock / Pop,
6UVTdEOpGm12VNqXB6lCmM,https://p.scdn.co/mp3-preview/8334183f73efc55ec520e7243e36259bdb475e9b,Jazz / Blues,
64KDDyYzHNeRohROdiUnq5,https://p.scdn.co/mp3-preview/a246410e45af0cb07c5a8be023815b6216b4cf57,Soul / Funk / Disco,
64KDDyYzHNeRohROdiUnq5,https://p.scdn.co/mp3-preview/a246410e45af0cb07c5a8be023815b6216b4cf57,Soul / Funk / Disco,
1XwNtIhWLkcWbuH31AHp7P,https://p.scdn.co/mp3-preview/0d4848f9be2f266194735b105673a3db05c01d10,Rock / Pop,
4E0Qbp3y2V6SlG5vL5jrYS,https://p.scdn.co/mp3-preview/43bf32ff7decf1b4cc1a951bf99c26c7cf55b79e,Rock / Pop,
7trNasITdq7DVmZsZGDOmz,https://p.scdn.co/mp3-preview/dff869403c618670755c979035cc223055000177,Soul / Funk / Disco,
72PJ8muykKVddHs03N8Bu6,https://p.scdn.co/mp3-preview/8436d717304af4b371cf31d425ae5f9bc169f999,Rock / Pop,
0drcwUSRwkPj8g9QuqftJm,https://p.scdn.co/mp3-preview/d7f6f236cbc2118a5c26f48d86a432d0efe9145f,Soul / Funk / Disco,
7er6pseB1UFSds0D0Wyxcn,https://p.scdn.co/mp3-preview/4ac0d181b9280f434705787b52ae459beb71fc45,Jazz / Blues,
68ew3UMkTTFTiD6JWD26kh,https://p.scdn.co/mp3-preview/056cccfc19b66814d220c310e5d21a81af8ec541,Soul / Funk / Disco,
2Onp9TbrGYXitFMTJ3xq5k,https://p.scdn.co/mp3-preview/81558a7dead04d44fc36e56159720d04c1526295,Soul / Funk / Disco,
6JiLKJLapvAzZRp8Hk86Pt,https://p.scdn.co/mp3-preview/b90586f06b81560991d049fee029ffb2c9e698f5,Rock / Pop,
22jKbGALkJZRun2HKznvj2,https://p.scdn.co/mp3-preview/f9b9bd4f64939ad461fe061b0f5e721b9cb34ccd,Country / Folk,
4FQ0NozScNLsgLEgfobTOr,https://p.scdn.co/mp3-preview/a35612b017f091062b4ad2ad139ece7ccc2e9d0f,Classical,
0WFdDSPCKsRhUYQn14IS8W,https://p.scdn.co/mp3-preview/c161a36bd61a095c69a3571e9f31ed5c26b7ad96,Jazz / Blues,
7aQMo9PHnhzLNLcM2nFilS,https://p.scdn.co/mp3-preview/de09730b00d338348575566617d1ba0bc17e3dc1,Rock / Pop,
1yhXaWznsueJYBsu4hSyVF,https://p.scdn.co/mp3-preview/a1873c5d0b07b477aa3965dd09412123eb814e5e,Soul / Funk / Disco,
6rtMTvBx56uVMJx1c7SpFT,https://p.scdn.co/mp3-preview/dcb9771d63f89d80936e9628e2fdba3f148e80e2,Country / Folk,
28v6YyN5uvIdbujnDUoKxA,https://p.scdn.co/mp3-preview/d4b49aae32de8adb9354cd50af6ba6776d9f7f1a,Soul / Funk / Disco,
2hrPea5pngLIgs1f3ubHPA,https://p.scdn.co/mp3-preview/5c9716aef8fe1edb25b7e772b05b2090737b19f8,Rock / Pop,
1aAJVAxKzAEeqdbnTjQqA4,https://p.scdn.co/mp3-preview/a312958d428211e680699b7d905f63bb3c010f34,Other,
2fWmx3wZ1leGJhRq1ikAg6,https://p.scdn.co/mp3-preview/743f8a41309384484fa7c7977f771c6369d0614f,Instrumental,
6htHANQFt1WiomienANSgB,https://p.scdn.co/mp3-preview/e9183a556ddb07e44e5cee623ee6991038157b05,Jazz / Blues,
0iUwgsiob3IARrQ6V5B6Zz,https://p.scdn.co/mp3-preview/a225a09800bc29fafd3fe74f202cd8e5c925dd8f,Soul / Funk / Disco,
1NuOn12Q0OXP7JxS0qtYbN,https://p.scdn.co/mp3-preview/133e8bc254ef30426152de8033e50ddc1c57efdf,Rock / Pop,
50vFbsuEL6HgD9QZaPrRky,https://p.scdn.co/mp3-preview/f4cb19face65ec89ba42dec933723c6b4c334935,Jazz / Blues,
3vklTIHd8D3CtedeMYe5FN,https://p.scdn.co/mp3-preview/0258948c6a9112690b71ed99424e1e5e806d8969,Instrumental,
53zCnern7FWRJXPanGpJH1,https://p.scdn.co/mp3-preview/61ca851d019a771bfeadd9f010d42364a8c4f301,Soul / Funk / Disco,
1qxU6bL6nDbcIZF8qGCOra,https://p.scdn.co/mp3-preview/2f65666133f49c298ddc79c5067bca6bf85089f8,Jazz / Blues,
0kJOnFCXoZLHgoXJ0RmGdy,https://p.scdn.co/mp3-preview/d2e6314ac720984feda196fcebf3936f4a112604,Classical,
1PiYzGdy0LYX2WMRlDkh0T,https://p.scdn.co/mp3-preview/b245630891992d6c379177e1cf8c95ff743df7f8,Instrumental,
4z0jKtGwtPFbcK9NbQM5MC,https://p.scdn.co/mp3-preview/7083ca5309d52e2a631bf448ea998be53779497d,Other,
7npSRqPQB4kSygYBYEXnoy,https://p.scdn.co/mp3-preview/50cc91bc9a8f50fc93d01678ac80a6b39ff74421,Country / Folk,
29YUa9xloSaNFUu8nBQVtP,https://p.scdn.co/mp3-preview/cf7a953fc607b0ca45e0d1167c20159df84d9bd7,Rock / Pop,
1l3YuGSNDsDX1HwGQ8dugI,https://p.scdn.co/mp3-preview/437d8fc6cf102a006be9d8bf0dd76e0b99c25f59,Soul / Funk / Disco,
55uNuZUBnkDWtQLOu2tvSK,https://p.scdn.co/mp3-preview/10cde5a1b7bb442831db1178989826dcb9d24b24,Reggae,
2n4N7oCQGP8FKX5XLUlyUN,https://p.scdn.co/mp3-preview/d49b323f5cccb7ea0cf3a6fd005e009ea8af760e,Soul / Funk / Disco,
1LdrribiTttFICWa4OKw4Z,https://p.scdn.co/mp3-preview/5b61b312d45e295d32a060a6586fa311a1d1a816,Soul / Funk / Disco,
1IupmPc4jSHrhqUqOB5aW8,https://p.scdn.co/mp3-preview/45360ef98d760b1e3ee6fb1c9e349ff855dde878,Reggae,
3JsYI17jAYOh5ufTe9butB,https://p.scdn.co/mp3-preview/725131376afa5d95fe555d241accdadb8ab71711,Rock / Pop,
5au76QWHsZJKowHkg88RdM,https://p.scdn.co/mp3-preview/4838eaaff4f196cdf799ec2f7491b460714681ce,Rock / Pop,
13hRgbtTwDC0h1NW333Q11,https://p.scdn.co/mp3-preview/71a8043582fe0a375eb020f091ef6c6a1cf5bce0,Jazz / Blues,
5HngLeeBSHNx3rOa8sVntJ,https://p.scdn.co/mp3-preview/64497d9ab42175b7890eb9c18a7f9a51c29b0e83,Rock / Pop,
2GgDVbdwOm0nAX8SD4AV0W,https://p.scdn.co/mp3-preview/371fa86a2190eb3c58afdf59f8d129ac2f97fcb2,Jazz / Blues,
0pwDYXP1MUN8wsK3RJMiF8,https://p.scdn.co/mp3-preview/c5515c136147d0684eabe7f42b61dee0c00db86d,Jazz / Blues,
6mYit9pOUATO0zG7e732iQ,https://p.scdn.co/mp3-preview/5307c77dea41346ba09e283dce9af81be80d94aa,Jazz / Blues,
4BzAjsMDC59CNcqwnwjmDi,https://p.scdn.co/mp3-preview/b1c04841eb922850a9d3a0dac135bdb093f56bf3,Jazz / Blues,
1msWdMFNMLtHoF6OAooLan,https://p.scdn.co/mp3-preview/03231812c47d875cce32005877404349d309032a,Soul / Funk / Disco,
4mahTlykV7Vv6USHjV4Cpi,https://p.scdn.co/mp3-preview/5cd9ada042506e7f5322ca49299d5d22cc21d857,Rock / Pop,
0N9xf8kB2mYwBaa45GQSmf,https://p.scdn.co/mp3-preview/e88f2a8dd7d2c7368c88c9db0b882a67e62f4b91,Jazz / Blues,
0ukrtDJ2G8G3kGUj0gbIoH,https://p.scdn.co/mp3-preview/14280fd63d7487adbdbff5a0cae83379e30ad761,Jazz / Blues,
3AwIau4XTKyuhy8Nwxs9KB,https://p.scdn.co/mp3-preview/1cec0653020e276eb1f6835b52314583fc8cface,Jazz / Blues,
1eEh4giTjQPDP2HG4fWPuQ,https://p.scdn.co/mp3-preview/1279c2c3b3d991fc9579bddce17132c0e17c611e,Jazz / Blues,
7wiGjFnhsvV7JBZV1DAuqm,https://p.scdn.co/mp3-preview/b2c60f0d69d506a6636b3f637626544e3b627481,Instrumental,
3AiO0ZDJO3cPhTI1sjzAq2,https://p.scdn.co/mp3-preview/7b67a5e85455c9c779530743a5b4de2f28bea14d,Soul / Funk / Disco,
1cDB3h7PoGgMm9XNzF15GD,https://p.scdn.co/mp3-preview/eca5bf8ab2da576b976d08d540cba7abca8f9f32,Jazz / Blues,
7kaChhzaxai1SZEE60iV6F,https://p.scdn.co/mp3-preview/d01e5286447fbf67caa3489d69bd28261a539377,Jazz / Blues,
5MoBkyd21yPG8MzJidcYyt,https://p.scdn.co/mp3-preview/0a82710256111df92e21fbf586b98079a3c29ace,Rock / Pop,
5SGLt9fvfSei5ShKJGWCc1,https://p.scdn.co/mp3-preview/2a4a8f85f76872d6a08803d5f2f4a9a44eb6a2ac,Jazz / Blues,
4tqO5sa7oW53YOBWpMRMKq,https://p.scdn.co/mp3-preview/ccd75f9c5aab0c136809739fd643ddf79157c575,Jazz / Blues,
7aMkpd88TBu8y9XV6T8apm,https://p.scdn.co/mp3-preview/8dcaa25cb45661389754a6c09b36d6573681cfe9,Jazz / Blues,
5bUKIjdWxwSa5JHX1s3pVf,https://p.scdn.co/mp3-preview/92546c5f4f89e00524d08f35e7ba761ca499c0ae,Soul / Funk / Disco,
7Dbswd1Ece2I7nyVS4ISx8,https://p.scdn.co/mp3-preview/79b414296f82171b044718757a7b3ac4497714fe,Jazz / Blues,
7du6PAJgXf6fNPey0jCF16,https://p.scdn.co/mp3-preview/10530e54b9c200fd921debf99a5895e26ca08ab1,Classical,
7FCcTxy5GsRFHWWcHAIGJ4,https://p.scdn.co/mp3-preview/3db51bb2d44f589abb11c5c2530d432071b2d354,Classical,
2vjx5WEfKeCx442bwuad3z,https://p.scdn.co/mp3-preview/c36b844122fdf8571fdc2d383b10400e231b6c20,Rock / Pop,
15sa1HmNxQ0pT7UkiGuCdd,https://p.scdn.co/mp3-preview/9316862e941dad4dad88f091f2f127cdc734df00,Soul / Funk / Disco,
3Idzst9SOVYqftgRXYcsY1,https://p.scdn.co/mp3-preview/69acc8d12581be9fa43f5e9db7764cc26b76f878,Instrumental,
5lzmMKyuCYIAUl38g2Um7z,https://p.scdn.co/mp3-preview/6c097867a54f385738e7db0b55270c140476e13e,Instrumental,
5l37aTWD9L6vuxVTfWok0g,https://p.scdn.co/mp3-preview/840b12cf18b90cd450911b0c8e038c516dda57ed,Instrumental,
3DqsNaM52wA6G3Q4QS3zY0,https://p.scdn.co/mp3-preview/7285a18707baa8616d0453740db77fb0bf275cc1,Soul / Funk / Disco,
72SGinN3Mpp0mcv8OvXYNZ,https://p.scdn.co/mp3-preview/16f1e520c2270adee65dc1cd6e084288cc6eccca,Rock / Pop,
1D7QVj7SR8Xi33Prlrmtrh,https://p.scdn.co/mp3-preview/d8091183d63c0151cf0dd72e0e791e064e454587,Instrumental,
3dZQP5P0IhFZaSKZe4UsPt,https://p.scdn.co/mp3-preview/c28afa1da9fc596fe8de9a1201d799f8428ba5d7,Rock / Pop,
3baKu21LzWWeNDyRW8FPrB,https://p.scdn.co/mp3-preview/ab79d3d7c9bc2b1ff6727853ef3ca6be743442ea,Classical,
6OrBHCc1VfqyRCiWcT6kTs,https://p.scdn.co/mp3-preview/af43cf0d869db789f3fcb5d6ceada69059ce7923,Soul / Funk / Disco,
4I6ArwxySd6F7BiDPywydF,https://p.scdn.co/mp3-preview/7331f766212cb6ab51b8ed9c549fa717c9cfeab4,Country / Folk,
02BY2CVSs1VQrUJQXo62wS,https://p.scdn.co/mp3-preview/fc751fa8e2c2daa006521b9a94e640b5d404a3f7,Instrumental,
4yuIy1rWKK7BBzEfbsn3oi,https://p.scdn.co/mp3-preview/9b4fbf0fc35ca42b1a7acf960e7f9e4697e8f1d5,Instrumental,
44Iah2DxH5BFkMv1IwI7Mj,https://p.scdn.co/mp3-preview/76da9a11e2ad6d0fed8d159d80292f4b308fe233,Rock / Pop,
6JARQzb0zwlx8Zjgxvz25K,https://p.scdn.co/mp3-preview/7bf3eaf6863b6ac9f877f7cdabeffcb10874cca6,Instrumental,
4c7Tcsqd3Ci7oyWQUBxfZ1,https://p.scdn.co/mp3-preview/a2c0079c9c52e565154f29b52be7af80bf6d9f9f,Country / Folk,
6XTwXaZVgT43uGpg93db8Z,https://p.scdn.co/mp3-preview/05852d785754901a8de5ccdbc26de20c1e48ab82,Instrumental,
2avdyD2ckz5y6ps7ZKd8Rf,https://p.scdn.co/mp3-preview/4b9b6932ce56326d86a098b82d1b056e1a015801,Soul / Funk / Disco,
60Q0eM8wvIexhTqdISEd0D,https://p.scdn.co/mp3-preview/33810e78bb056deb42610de8a9360a6a66ceec7f,Jazz / Blues,
1NcZAZYi8N2giLUMUTFkta,https://p.scdn.co/mp3-preview/76b6e5c0418d01963fbd65d49ed634bbd1e61016,Soul / Funk / Disco,
4jrSWj6am9GyAv870RFHZ4,https://p.scdn.co/mp3-preview/c5d168bda369e1556163c277599198ed98b49e8b,Reggae,
5IIP34J2snDp1TPmOqKkXk,https://p.scdn.co/mp3-preview/6608b175d861546e300c8b18841de9181cdbe16a,Soul / Funk / Disco,
1dMyAc8HOTCsA5rZh1BIs4,https://p.scdn.co/mp3-preview/7eb04bb5733203d5730b2907f2b8c9ab08b80e91,Rock / Pop,
0hR0biERiyKlv6ymcQE7wj,https://p.scdn.co/mp3-preview/afb815bde39dd690fd00eb5a3b9ad362f4a25db4,Soul / Funk / Disco,
4ztx6rzG44ZhLGJ8uaDpZP,https://p.scdn.co/mp3-preview/ff9f9a29256aeef843cdd55177f80c124ec100be,Soul / Funk / Disco,
5vlZJS0aNslHcNkMv4r3aV,https://p.scdn.co/mp3-preview/743d711ed6a9b153ccf1e278373fff7cfd1e5f44,Reggae,
2CBUKMGzekuB8BmHHbFrgd,https://p.scdn.co/mp3-preview/764d0352dc21d1b729c8690e6be1d773cf76bd56,Country / Folk,
3MHGBU6UEJVZuJEP0TpQns,https://p.scdn.co/mp3-preview/457bf008abe4d5589ff5c2ae1d420441960b4d8e,Soul / Funk / Disco,
7KHfb0hoTMrXutQSjBSFQC,https://p.scdn.co/mp3-preview/5803ebf286dd7fbf2179343398716bbf427ffbab,Soul / Funk / Disco,
4FBxFzyz9tI9WzcCbSa8aw,https://p.scdn.co/mp3-preview/925c7144239ba41df620ea73b561ffd3949080b5,Soul / Funk / Disco,
3RYmsuMKm2W3MZ7dlGZF3l,https://p.scdn.co/mp3-preview/89c9fa165f3c73d0b7808a75900e8b842cebb853,Rock / Pop,
0tYjDvoTPspQAvNxTBVowT,https://p.scdn.co/mp3-preview/d8a706ab59c1ce74e63886149a61258557442e7e,Soul / Funk / Disco,
1k1kjxVRR5NLAyP63OwYww,https://p.scdn.co/mp3-preview/034361aa8fd0cdbd6f410d92af6e676285dc53e8,Rock / Pop,
2i89HFfseJig9qvEi2KrQa,https://p.scdn.co/mp3-preview/a9f58678ad89a2ae67db5890731a9b930117e887,Soul / Funk / Disco,
0nMM7nFzvoKLvruNmmm4VS,https://p.scdn.co/mp3-preview/54bfea99eae4e0430429c0a4bcffb1e5d0308b11,Jazz / Blues,
6G3s0AjW80PoyMF6te0SXF,https://p.scdn.co/mp3-preview/81c492533a6abe35c9a4f2ab21ae7ec7a2df0302,Soul / Funk / Disco,
4IvaJz9DON0JDAXlid7YIh,https://p.scdn.co/mp3-preview/08c0a4702eb231faca66a8dcf2b7e2a74d51c16d,Rock / Pop,
2ZCZwDjEa0hI1NRjzbL0DW,https://p.scdn.co/mp3-preview/397f34e921f605a59d49c3d946ba327f34bd5c09,Rock / Pop,
1VihuhcpV5scdFP4oAl8zi,https://p.scdn.co/mp3-preview/33fa0b032de4bcbe80fcf31a03a6ef1d3001fd7b,Soul / Funk / Disco,
10XX3YDY7X0jQfwjpveRvh,https://p.scdn.co/mp3-preview/6742569e7deebb4b42b9b0990b5edb4b552d2e0e,Rock / Pop,
49pu19AROEUDPGMmIdBOc8,https://p.scdn.co/mp3-preview/913b09ace795eea7f050f123e7f5c884c737209d,Rock / Pop,
7jgnUaAzme9sh1cSvZUwpT,https://p.scdn.co/mp3-preview/c84a0a3590ce5225731d61cb77328e7dc8474e7d,Rock / Pop,
4Sv766YFyaMvdhsCB4OzqP,https://p.scdn.co/mp3-preview/f65f076830db0cba7dc04946564760a00337775a,Jazz / Blues,
6Kj30wXGYMeXNebmMEpfJo,https://p.scdn.co/mp3-preview/0ef5d91e37c4d672b2893a659ee62cce29e0715d,Rock / Pop,
27LwFACtvapwrfNeYPPXLY,https://p.scdn.co/mp3-preview/9096bd899b04c5e79c691f3dab762b32a02985c7,Instrumental,
1OHEY5ys1n0LLukilczbmo,https://p.scdn.co/mp3-preview/a1385e3949147668c044d7300a0cc1b552323ca3,Soul / Funk / Disco,
3Hz926msggaKj6Q4DDVQt7,https://p.scdn.co/mp3-preview/0c72b04133dc7a148acdaa323a0bdc9d9e7583dd,Hip-Hop / R&B,
6X1qjNP87VufIDwknei4d1,https://p.scdn.co/mp3-preview/b9e9375030a4f6efb6e150e94834c9650d32d203,Country / Folk,
6ufDZK8YrVpYSSeYVLXctA,https://p.scdn.co/mp3-preview/3c8388001d831708e6579811cbe0f01310656958,Rock / Pop,
1aL3DfZsFXGZOKX99omnPS,https://p.scdn.co/mp3-preview/f6e52e7de81d437c9ad609be19f45f51a80bbe8d,Rock / Pop,
74aKCXtbnF5NbvFjo23VQZ,https://p.scdn.co/mp3-preview/4197e454035cd10d4cc049ccb4d5add5d106bbac,Instrumental,
7ITW9hPFtogIk3wms0pV46,https://p.scdn.co/mp3-preview/8684e8755edd6bc8e5916818f77022f47c1a4571,Soul / Funk / Disco,
4iS3jJbzzCTzb9gcggDAX4,https://p.scdn.co/mp3-preview/9fd7fc18cc92ce59c1a472cf6ab4533b806a5249,Soul / Funk / Disco,
4YqAfptI3ss5YpafsECObI,https://p.scdn.co/mp3-preview/ec44ede220e7fa1c4ad77573b3af63350ce4dd78,Soul / Funk / Disco,
0C3e0xOj8WgALOrBdSxQxI,https://p.scdn.co/mp3-preview/e16897bc033cdfc088632918143667913c7501e2,Soul / Funk / Disco,
4kDX4CCGacJsIBVQ7yHNah,https://p.scdn.co/mp3-preview/9b59eead0b8d312bba3280a258a2048bc846e660,Rock / Pop,
3b7JYBOcvqq8xd3saIj7pO,https://p.scdn.co/mp3-preview/12f807cce55babd800812a8329fc3f004292d59a,Jazz / Blues,
09nUaLt1hbGBmuiLQOb3ZU,https://p.scdn.co/mp3-preview/fc65767497ce38033fd9d7df472e6cada13095e8,Other,
6Tagw5RJB5tzh6rzqL6GZF,https://p.scdn.co/mp3-preview/52e80846a684afecb8b03ed2187b611babacda8e,Country / Folk,
0QeWhas7hgx4ktpMMMmaCM,https://p.scdn.co/mp3-preview/7021f42054dd855aaf7c6219a191f527f31baac1,Electronic / Dance,
1q8fLhxKwASHWDbEeSlpCU,https://p.scdn.co/mp3-preview/d05a1b167fea0ad8869800c7e3682f2b4320da77,Rock / Pop,
7MRTeCuZY3vcVeht1PlOGe,https://p.scdn.co/mp3-preview/dcd9e5bab2901f90c751e2b3797830eb62792efb,Rock / Pop,
47E5qOOU1GeXUS5zHnilYV,https://p.scdn.co/mp3-preview/c9d319ff4c724dcc4d8e3fec7eaf90b66a837c6a,Country / Folk,
52X91NqmAuN21XuEkHmQJh,https://p.scdn.co/mp3-preview/4a10f4f92abe2bcfd5fae5d77d40cd582392448d,Rock / Pop,
7KfewN87zeX3wVPv6LLUj5,https://p.scdn.co/mp3-preview/833c524cf6f5e27c2bf70b8e14270c6f12e8bee0,Country / Folk,
0NRJqQOBVmR2PskCd9mMj6,https://p.scdn.co/mp3-preview/a08a9eb45bc29516f39fe3b96fb258d56b7ff813,Rock / Pop,
77pwqHECDoaGZucecFpzzi,https://p.scdn.co/mp3-preview/fba0b92ee0fd753f75f6d2be556d652dfecc467c,Rock / Pop,
3buaGvf9cAo1vZ5BZ2bbNv,https://p.scdn.co/mp3-preview/22805eb0d120cd615bdcf0bd5e6defa5743d4016,Soul / Funk / Disco,
3C1pIUsdRkm3H4mBx0N2za,https://p.scdn.co/mp3-preview/21c6f781d3da1f2e0eff8c8028987a22dc7b2f7e,Rock / Pop,
0Fdgk6PsQCSvJ0gBNETc14,https://p.scdn.co/mp3-preview/22c461fa3670bd1d5db89724a34be05916f0b5d4,Soul / Funk / Disco,
2uLH0hheDQDaGKZiynTbdP,https://p.scdn.co/mp3-preview/2a24d4ae621ba53dd6f4c2deb66c9af4bdec9ba0,Rock / Pop,
0kxGYrwOFJqOY4Pd68PDIe,https://p.scdn.co/mp3-preview/7196341152b7e20d7c90236def6235ed5147a248,Rock / Pop,
5FlgJCiwm7QKSZWV2s318c,https://p.scdn.co/mp3-preview/79d65c5fee7b8e0f995554b4f2f46cece1bbc70f,Rock / Pop,
7duupGok0k4olLPZl1e4ci,https://p.scdn.co/mp3-preview/a4d8d2aa680d64da768c60e3962e3785b0dbc8d4,Other,
5uOSauZqAXZ6JcNCqbCooQ,https://p.scdn.co/mp3-preview/2c017787f452392ba8aa8e96a4294237563c8b88,Classical,
7KrMQ7hKfFEPqIA3sWw3aR,https://p.scdn.co/mp3-preview/2f62877596eb55d5340357d9ab55da6a7de60831,Jazz / Blues,
74Icw4knRdg8ZD8XObEwMG,https://p.scdn.co/mp3-preview/5ea0a37d64743022c3480ed128765df26de373d4,Country / Folk,
1k4YHFNTM4Y0llRObI7Jer,https://p.scdn.co/mp3-preview/12b03d3ad27de0f3cda1f789a6b7a637e97fa58e,Electronic / Dance,
0GhGToDRtBmvTkSEDTaBkI,https://p.scdn.co/mp3-preview/aaba09f210579285e75b04ad8644c6553488d940,Soul / Funk / Disco,
7F8vFGM1TjUqECkNrO6Fpj,https://p.scdn.co/mp3-preview/8b0f5ad04246006f113da662433552af9b3be074,Soul / Funk / Disco,
1XPXXsKnz4AclLd288YiWi,https://p.scdn.co/mp3-preview/b59ba338f219cbacda2732092ed7341ff3875ef5,Country / Folk,
2qAXpJBLqo17YHrtnNCoD1,https://p.scdn.co/mp3-preview/279de36801646766606d468bf22a68679c36a01d,Rock / Pop,
5ZEP8ufZ16bBDdYmkiPHZi,https://p.scdn.co/mp3-preview/2e55687dee803ba7ec7427116250389afde27077,Soul / Funk / Disco,
5dgXy3CmmRMBzCkRqG5qOA,https://p.scdn.co/mp3-preview/946db9360614976fc6a5044dffc9839f0126e056,Soul / Funk / Disco,
1jwVuptRIGlST90zlkliIE,https://p.scdn.co/mp3-preview/6f31c997c0cb19cbe738114eb76fee41f4654036,Soul / Funk / Disco,
0ep71BGxVm3ekkr1QzLTeS,https://p.scdn.co/mp3-preview/1ac74a63b877501be9561ecd8d0b1436f91d7aa0,Soul / Funk / Disco,
3UIdZLcXvzduENdePTq9tn,https://p.scdn.co/mp3-preview/8e4fe9b859e47f7b6df38ce1eccbceab02563e2d,Rock / Pop,
0VYqVfMttvkiriRiFX02Be,https://p.scdn.co/mp3-preview/ed70e9c3ee9d25b13172e99f6982656b85dcd642,Soul / Funk / Disco,
5RSCa7MEffbMUna7YsmZSA,https://p.scdn.co/mp3-preview/29f4b79df228addf3c955a543ec8fd4ea87af41f,Soul / Funk / Disco,
3ZojgYGReBSPqcA9YROyRo,https://p.scdn.co/mp3-preview/7c73c085935b0457aae0c24e4a70a9be802b6401,Soul / Funk / Disco,
54HS5JOvEtgveTWcIfJVnj,https://p.scdn.co/mp3-preview/d2a975436662a1c4e425ee9c9e0a4eadb668908d,Rock / Pop,
1N4Q7vZuIddw1tBORYPqJC,https://p.scdn.co/mp3-preview/b818c86e50456c9dcf6c1fedac4d59bd202f7685,Country / Folk,
0jnQEEUEZCZ1aueRfMqgSy,https://p.scdn.co/mp3-preview/8a0c01ba34da63c095d54c15a8e11bde475f4131,Rock / Pop,
5xAnNPG3vZnjYBHalNGgdB,https://p.scdn.co/mp3-preview/bf7bb34e4d278eb0e53c7bf5de2637dc598a0225,Classical,
0Bf4t5EbE2qhr1XS766fOZ,https://p.scdn.co/mp3-preview/eb95526e593054289baacdeffe162564ea313f03,Rock / Pop,
59Ar6bCidB1itYPExnQ1Eo,https://p.scdn.co/mp3-preview/0e9832018ca04b7773e86073cb68a0e1cc8eb845,Rock / Pop,
08QFCm8qaka6AAGKXEghTb,https://p.scdn.co/mp3-preview/80f95a9e2ed4c92152b25c663715236a452989ab,Soul / Funk / Disco,
6mwd6sTeEZXdh2zKkicUyJ,https://p.scdn.co/mp3-preview/d3f01fcbf4efffcf8731e8c84eaee4e627b69f8e,Country / Folk,
2PVyAKrfhtmAbd9dUdLVOf,https://p.scdn.co/mp3-preview/d1e58a62c7816d902369d117832683519069a864,Soul / Funk / Disco,
0Pswpt2fqVULtt8buHdNjU,https://p.scdn.co/mp3-preview/43d48959e4eb3997cb44db5a41850bd3c335e4de,Soul / Funk / Disco,
3Ac2PF4jcteGtdDMtaY0aI,https://p.scdn.co/mp3-preview/7eb55e985b2d1ef17c7ab74658c849114c061d34,Instrumental,
6W5IB1N51iBVUW421IqqU4,https://p.scdn.co/mp3-preview/7980af8831e33169ea870fc12ba2d7a415b03715,Country / Folk,
3sKzX0SundYsRZczn4m1a8,https://p.scdn.co/mp3-preview/67f3b4baca85e7a6fb13b69788d205f149fd1cb5,Classical,
01HYx9GZiehOuYZ4oYoSyc,https://p.scdn.co/mp3-preview/7c414f1978cea136f2181a1cda2ce9650a8853f3,Country / Folk,
70dx4yw2Iuiao39W9gs0yR,https://p.scdn.co/mp3-preview/5a3e47101f0ebfae9853161aef5772d1d23e25b3,Classical,
1YHfhU6oXvyNSLZ5nlQTxF,https://p.scdn.co/mp3-preview/5d54447482b4bcf3ead9313189dc2c13de481dda,Classical,
7dT8bE7aaIlLCfWeIyNMLq,https://p.scdn.co/mp3-preview/99f44e027cead4d6699a61f9fbb258cd4f873918,Soul / Funk / Disco,
64HsywsljNNRds9VlbwLMd,https://p.scdn.co/mp3-preview/d1b34bd76c5db5951026a4fa0f48276eb8376fa8,Instrumental,
3hfPI0akrkb0t0zaRf5nJC,https://p.scdn.co/mp3-preview/f168a880b40aace4dec07b9bc46b00aca4ee2d74,Soul / Funk / Disco,
7mGymHLqHGBiwnTNQ5OyDT,https://p.scdn.co/mp3-preview/2954d49dd78ab89040c1c7bdf34dceeab6034ad7,Classical,
31ky9UPYlCOVcC6qHlibj0,https://p.scdn.co/mp3-preview/34b021fa529b1ac5fd7fff1f660522bb373fd01f,Classical,
1QZUQLbyNDzfhgeRfKKZHS,https://p.scdn.co/mp3-preview/6fa72889a85397f3396bc248922cfda6c0797d30,Rock / Pop,
3WtCAm8fPXZstfGw6mmq3m,https://p.scdn.co/mp3-preview/ea8ca5073fc7c270324806904991d9e189082480,Soul / Funk / Disco,
788cpxNtwjpKlq6W4mgvDK,https://p.scdn.co/mp3-preview/290c73fc5731d740629bc1b868c2fca7839089f0,Rock / Pop,
7hcsB5CwTLgsD3UpzoZ0mq,https://p.scdn.co/mp3-preview/ac990075c4956ee85e1471ee2d8130674902c057,Instrumental,
6IvwGygjlQDzN1C9urBvFF,https://p.scdn.co/mp3-preview/5dedc8ad75490fb8ffd0653ece2832ce0dd01193,Classical,
7FyhtrlkrXjVeZJt6rompb,https://p.scdn.co/mp3-preview/7b1821ca607b1e84c5a8414c7b32d5c3716c2d29,Instrumental,
6hszlfHRfbkE0OLyfqBD1i,https://p.scdn.co/mp3-preview/a70ca99f9154fb7500b458fced4ea1dac6ec295a,Rock / Pop,
6V4VytxvTN7YPcagRSP8cs,https://p.scdn.co/mp3-preview/ce8056aa0001313c900844980db7dc1d6cd7d544,Soul / Funk / Disco,
5PoGPmArVPnkuz3LKTXZkZ,https://p.scdn.co/mp3-preview/a0f83f37a9834b12c602009dc8adf3169956881e,Instrumental,
1rqKV2eRZWlD2C301EE05I,https://p.scdn.co/mp3-preview/3ba205b39ad7951304df6174385984949a19cafa,Rock / Pop,
3PcNrnzB3qFGLlSYw0xytU,https://p.scdn.co/mp3-preview/1dd966da06638e24443bcbfd81f70c3772a56d27,Soul / Funk / Disco,
4faPBCv5aMcBI4scs5PAI8,https://p.scdn.co/mp3-preview/a0d35e14f8b97e6a9f4e942ced9fef4160b0737d,Instrumental,
2PdTO1KcG1hxFiyR3633yp,https://p.scdn.co/mp3-preview/97f7287b872604c273e843de20601c3ebebb22a6,Soul / Funk / Disco,
45vkHtrdS2xIjjPdUCnC6r,https://p.scdn.co/mp3-preview/d6d89a27c5e8d90e73a9b36d9dad13a4ea212573,Soul / Funk / Disco,
2TpYQ4CjpiDET7NCNZzgv3,https://p.scdn.co/mp3-preview/fd61a45748a6e68fb842e51e1bce7b41f521aabb,Rock / Pop,
7ihXdS718C3O5YwLSnM3Ys,https://p.scdn.co/mp3-preview/d9b388c5138d0df6e67179ba6a45f0128ba1cd56,Soul / Funk / Disco,
66k07TMgi428lqXMdb2eDp,https://p.scdn.co/mp3-preview/9d175ebe87b6f6941800d93cad90cfdb133c1abf,Classical,
1VWVCZOuuzbeRBI8kn8msw,https://p.scdn.co/mp3-preview/0f47134f0feb8343d96f8174b7046ce92fa86fee,Soul / Funk / Disco,
3DBpM3gKrvQEnmztpnTfWo,https://p.scdn.co/mp3-preview/ad2348db080d1a76a9f462c4f83514e233342d63,Soul / Funk / Disco,
54LDg84MNYpV54aRLGc1Eq,https://p.scdn.co/mp3-preview/eba846cc7e34d1b0657b244b9610edfbd7eaf1eb,Classical,
43WZvaPbY1MhFaCUKXPzsi,https://p.scdn.co/mp3-preview/ae3a92f54adcd4399b91a41c36ccfab1101c2c9e,Soul / Funk / Disco,
59tXQGxcdJR7NwDFVH0NCV,https://p.scdn.co/mp3-preview/952b14d37431d5d0b2047a319eecae255c81b68b,Rock / Pop,
3OuivjhfTS0jKnknx4Op5Z,https://p.scdn.co/mp3-preview/7ea60fc70b8577c0f8943fac7d3de7444b9ddddb,Rock / Pop,
3nQXLyZ4tHoeNUuWBJQQu5,https://p.scdn.co/mp3-preview/ab5be48d9129c4fc09760378f33c55b9768eb076,Country / Folk,
2pele0doIGdqpmgJk9GUs4,https://p.scdn.co/mp3-preview/98e7cc580bfb9b2e084d8123b0822242628e1a88,Soul / Funk / Disco,
0GIbVyzGGLUmUlgsTQU9Cu,https://p.scdn.co/mp3-preview/795f8d00722199fe3921798856ae8ee1feb98db8,Jazz / Blues,
4WnMve9Men2dvrFAR2z6xY,https://p.scdn.co/mp3-preview/72809a26d1f28adea20d7eb2f4510e8160bc264d,Soul / Funk / Disco,
4Bmy54i8zIqOlxb1zY5Ydv,https://p.scdn.co/mp3-preview/ce7be730ce86c9093539cdefa4649bcf666ceedc,Soul / Funk / Disco,
17Z0jzq08qn2rg8XQ3UAB8,https://p.scdn.co/mp3-preview/df7a0df40ece09f3f71723fdbe8c4c8c8d6dd26f,Rock / Pop,
0F1mPutKl3JbFvEEYefEkj,https://p.scdn.co/mp3-preview/32c1f55dee1c7058caebb60f58fdd2840b6387fa,Instrumental,
7dlBXSZBm9L9xVHDedHOex,https://p.scdn.co/mp3-preview/50060e8ede5092ef850715c7fb0a568f0b01e220,Jazz / Blues,
1rAzPb9nlLEhe4kzKSe6sm,https://p.scdn.co/mp3-preview/a28dc1881c6210450a64343d6586c596131f4e63,Jazz / Blues,
5eusG0ICytPcy725CurmwK,https://p.scdn.co/mp3-preview/16a47c67cb9b1a082035808c4ea81f56a89af0dd,Jazz / Blues,
7D22eBfvniODAVbrRd5Btu,https://p.scdn.co/mp3-preview/90bd6115150b6d4ae73ca6377d87b3ddf60a78bd,Soul / Funk / Disco,
1JNLLLJTCV5dBAYrwfWIkD,https://p.scdn.co/mp3-preview/cdb5db3706d4237035abd9b67ba19d4506a30437,Soul / Funk / Disco,
2Y16yjViyhWqtI2wdTtc5P,https://p.scdn.co/mp3-preview/4b98ffbd540389dbdc3e08622a4c9e18db8326a8,Classical,
424NTEBSYvCfavXLjQkyUO,https://p.scdn.co/mp3-preview/d6acd6269b0ca3162ec2d4dce126ff17df5bbd35,Instrumental,
34MiB9NZl98yBPnFQSgXyT,https://p.scdn.co/mp3-preview/25b0a8f3d790ac80c365e981c6e03f69a771e14a,Reggae,
78otWZAoQ83EZ2K66j0wDG,https://p.scdn.co/mp3-preview/22c419185f28e43e85fdf03f88c27246a0ec712c,Rock / Pop,
3JwCjNrp8MZExox7tAX8fG,https://p.scdn.co/mp3-preview/45185dfb0e42b2c167aa6ab601ad9c7cd39bb8ca,Classical,
4e2RPTKOURthoWyXbjVtth,https://p.scdn.co/mp3-preview/afa43a0e3114973137d4e4d68b0fdaf4f55b41ad,Soul / Funk / Disco,
2nWZsjDiezn2tnFlSIvqY9,https://p.scdn.co/mp3-preview/a8c00f7d70dcc4074545624a95d953bda3294390,Jazz / Blues,
5jJTeLXID2VQXiJ9wFUnRv,https://p.scdn.co/mp3-preview/6f5e8d84e7f0313aeebac8cae69d9dd2d5410182,Reggae,
5Achzik8zVu8rkbGWOk6ld,https://p.scdn.co/mp3-preview/5a7345c7030f0f72c1bb1e4b544cb18f39ea7c6a,Instrumental,
0cO0BSIGlYlE5Uq0nC3Oo1,https://p.scdn.co/mp3-preview/ef3aa784adf500bac5c326428f18e95ef2dabb67,Classical,
7G93orB5Ru6O4Bg967xOLX,https://p.scdn.co/mp3-preview/e24817f8fe782578a10b14010615083127f9addb,Jazz / Blues,
2YnpmbLpRQpGqhKkrbyTb5,https://p.scdn.co/mp3-preview/fd3e34a412dae30516a5d26c06b92188d65b187f,Instrumental,
32cooVn0YkLSjsbJcgZZtY,https://p.scdn.co/mp3-preview/2fc0734ed48e88e7443c589a7e560b207f040bfe,Soul / Funk / Disco,
4pm2U3PHOSvJZoClKk96hd,https://p.scdn.co/mp3-preview/ca22be06520d5b4ea1989ae2f8cdd7330132b22f,Country / Folk,
0Wp3G3LOXcZmT7zuipfT6u,https://p.scdn.co/mp3-preview/d94787daf8ac84e2455140d91936267f13ebb005,Instrumental,
6ok1NmzJZYycFd8kX78poA,https://p.scdn.co/mp3-preview/1bbbf36b761297968df41fbd4349e340bc84c4ba,Jazz / Blues,
6oHlYNuUx7Du5bcjL7E11Y,https://p.scdn.co/mp3-preview/54b54e9b691e6ff42f7c99762b99a2197488a621,Country / Folk,
2O7ahP6TDul3KP5wttQx6v,https://p.scdn.co/mp3-preview/ee35f58d68cc8f2b4c46c4117400155273a590f6,Instrumental,
7dZjmPI6hSOhiX3U3CbEqG,https://p.scdn.co/mp3-preview/f5e5bc48742315089a6980bb2ef5d93cc7dd26ae,Rock / Pop,
0BPWH96wesyvXNMWekCHI6,https://p.scdn.co/mp3-preview/e6e135087340a339450483fc2b8be53abe4092e0,Rock / Pop,
3CVqhQGoDgwZwJPWRmuEsh,https://p.scdn.co/mp3-preview/32b70d65d9cefa857f45d0a957672816364c7f79,Classical,
409ftzQMSiMC5z6kz5yCUb,https://p.scdn.co/mp3-preview/ae60fe60612c2e358ea9c365224b663c0cd3876e,Soul / Funk / Disco,
0XoR5RNCtKbsxDTFBbzWz2,https://p.scdn.co/mp3-preview/dd6f6c05ba351adc5379065c082e96594e08d26c,Hip-Hop / R&B,
6AcSJm8LlO3B74s576Yemz,https://p.scdn.co/mp3-preview/886af49fdef8a768469bed882def273c21821ab4,Country / Folk,
2vqEtXug0fQxtLYg5f9S3G,https://p.scdn.co/mp3-preview/fa54e51ddbe58729001fb5877cf1c896a8e431ac,Soul / Funk / Disco,
1n4FhxyyuDo7Jl6sVCdIP8,https://p.scdn.co/mp3-preview/c5afa0082e738f6bd532af53f472e8e271b71be9,Jazz / Blues,
4wG8E6W8rMJHhyAoAgGsvY,https://p.scdn.co/mp3-preview/5f94bf320f2825b9a0bb166f5663e45223bed380,Soul / Funk / Disco,
4Tb8dfugvnPvsTLhgO15OD,https://p.scdn.co/mp3-preview/e2b76ea3fe3cb53409009410c76f087c2d881cde,Jazz / Blues,
38tB0rPrj8jwl55buVVzah,https://p.scdn.co/mp3-preview/7b4a4b238644fda87e8d717211bad27f20b18557,Soul / Funk / Disco,
3U1rJlaweHQg4HTQ5QduUZ,https://p.scdn.co/mp3-preview/4bab7c149e0663ae180ab168c9de91492221e787,Country / Folk,
0h53QovWpJH6rkKy7nKUWQ,https://p.scdn.co/mp3-preview/7c3f51f9448882284e52e8c56cb7af72c12c3cef,Country / Folk,
2EOqA62rDatWETdMChsm7L,https://p.scdn.co/mp3-preview/fd4bdd62eaf2f7f0b79cfa6c0135dad4d373ace7,Instrumental,
604Acv6e06OiSfsOYzRFVR,https://p.scdn.co/mp3-preview/c9de90043e099fb9ccb679c50127ff0be0bc86dd,Instrumental,
0QGh7NdCckXa44BFu4gy4K,https://p.scdn.co/mp3-preview/d328738809a29c737334b388729578e6a9b89081,Instrumental,
1t60AH6f2sHLHt9YIogOc4,https://p.scdn.co/mp3-preview/6300b3fd11f7016acbeceb7116ff735d67838f07,Instrumental,
0og59rCULRVOvZSA9qOXFU,https://p.scdn.co/mp3-preview/a023b0d5741786a77073a2ceb423eec7edff228a,Instrumental,
27oOluXXGnt9BMuFEsPI5P,https://p.scdn.co/mp3-preview/4c9538c6bf5092066c69e87211b88afba5d96f33,Soul / Funk / Disco,
6z5r2zPSY6TpQ7x0emZsnB,https://p.scdn.co/mp3-preview/6c5c7d74389fec06012f24ce63f2681f9f434fc4,Instrumental,
0iK4qO3FijU7dixz0TD57k,https://p.scdn.co/mp3-preview/e696dbec664f5562499b00132914aed085d7922a,Instrumental,
7yQmgOm475bDQ6D4nS57mz,https://p.scdn.co/mp3-preview/fba61e9b8efa8ed90d649491743a050ff53aec12,Rock / Pop,
4nQkNmJJWnFIRsbIMeIrlX,https://p.scdn.co/mp3-preview/2a629d6ff49646e5226775b8e113208bad0fa6dd,Rock / Pop,
0tk7YkFDgJFNrfsiGyGw05,https://p.scdn.co/mp3-preview/249ceb7c311fb40c0236f88422c5a7ba1e787e61,Rock / Pop,
1wayR959Ne9Pu4S6JLuIKl,https://p.scdn.co/mp3-preview/13b78c3b73790e9d484c4e58bd12a1b687e4defa,Instrumental,
61mrECmv6q0pBeV1mBv1r2,https://p.scdn.co/mp3-preview/3b9f06924cffa9d2a50b718eb9f85e1121e46d85,Soul / Funk / Disco,
0fPd8gH4l50DNLXGF68Cso,https://p.scdn.co/mp3-preview/9e0b0586f0024deffbd4334c5d3a3eb79459c645,Country / Folk,
0aKvqP0EvAVpMELFzxktf3,https://p.scdn.co/mp3-preview/dbb7f7dfa440dfa1a5c4d60340ad9d502546b8f5,Soul / Funk / Disco,
0Vk8q2yFl2kaBHhoRnARNo,https://p.scdn.co/mp3-preview/f71f126b06884c95c4b01daa57adaca56516d41f,Jazz / Blues,
4jZYIEHPHMKNZJk2CyfDRj,https://p.scdn.co/mp3-preview/b47f6bfd64a572ae7bab0b8a36627300aaf1a977,Country / Folk,
3ZIpKjg0TVJ5kMnG5rZ8k5,https://p.scdn.co/mp3-preview/2c069bfaa85c07832d7199bf8a385c58c147a2d3,Rock / Pop,
3LpXRgHftCuQwltdTCvHOr,https://p.scdn.co/mp3-preview/12149e1cb0deca22313de848b5a6b4bf9119ebb1,Rock / Pop,
7yE30hqhIJR1nd8UlnrM9D,https://p.scdn.co/mp3-preview/a8d77cf37ad031516cea2ddf04c51090f08690be,Instrumental,
6jr4EZ02TBZLPDn95unlB0,https://p.scdn.co/mp3-preview/4142e2b05051df27469d69801845d6d88e31c192,Rock / Pop,
5falMyosiKC6GgNPsmbHW0,https://p.scdn.co/mp3-preview/3d13d1ea8690aaa775759a540f347786f5a226ad,Rock / Pop,
19wZ6AuuH2P5GSM0c9WDdw,https://p.scdn.co/mp3-preview/954be637f8878c4cddc6fc3614ca8920dde8211e,Electronic / Dance,
6gLgopmmnUY3gRwSOu8t27,https://p.scdn.co/mp3-preview/5cf89dc1c55933081e4756e452cd6ee7905d4cd8,Rock / Pop,
3Q93CK3cMC3TtMjWdOsutu,https://p.scdn.co/mp3-preview/a218fb06630e40266dade4584295a8ba358d243d,Rock / Pop,
2ixrM0WPHrLiwFTXPX7Xz4,https://p.scdn.co/mp3-preview/b6dc890e008127d4eaecd68483a0f9298624868e,Rock / Pop,
3stM89qio4pdRPpvcfoZC3,https://p.scdn.co/mp3-preview/5f112b21718d7947341c4e72694c8b69b676c2e9,Soul / Funk / Disco,
1RKNBmVq29g9lMrUzSxf5p,https://p.scdn.co/mp3-preview/ab291f12f6218af373e1233eaaf63e8db026c87f,Instrumental,
5wXtRgTanZIhRF6mlKHUgw,https://p.scdn.co/mp3-preview/5822d7883ca288f66426092e09b49ed934747e88,Rock / Pop,
7a963MsTt46e1SpL5IdIDf,https://p.scdn.co/mp3-preview/70269fd5f49e7c2dbd43d0be18b712fdc0c81e11,Rock / Pop,
26V3OQwurArSDUjk05Z2Z6,https://p.scdn.co/mp3-preview/8fbefb267c2cb00704f610b5f778402c8b5fd9b2,Soul / Funk / Disco,
0VKcMEXcS2ynFo8uuGF6t8,https://p.scdn.co/mp3-preview/e2de936ce79fea41f3fe82f11eb5bc0c879ea8fd,Rock / Pop,
7fw50Gl8ngwl0r1VetvUGb,https://p.scdn.co/mp3-preview/e6cd79215e980b0ea9c39a22d6fc02beddd21dc4,Rock / Pop,
3I7gatRcEWEiPLRkOtSjiC,https://p.scdn.co/mp3-preview/5e85a7df7a3c43e2897a2d827ca5648aeb01b4b8,Jazz / Blues,
2ZwuM35QKSJyarVM0IB401,https://p.scdn.co/mp3-preview/d254d5ecd3cfa9343200d532d648acb0b9d8036b,Rock / Pop,
2833k5WEXdiQJTC9gCGsNa,https://p.scdn.co/mp3-preview/3fa0eaa2c044c15f51e1b52703f3ade43aa3e906,Rock / Pop,
5mhNS11C9zm6l6AjzePz4h,https://p.scdn.co/mp3-preview/7e812c47c3a19f80a290935ecb0355a0785d563b,Other,
4g2yOwB4aM2rj9Lt9AwxtS,https://p.scdn.co/mp3-preview/61d30c9404bba78add579ac59caa465336b5ed4e,Classical,
6Zq3v00qaz6Ou8rIo6Fkol,https://p.scdn.co/mp3-preview/a651138798447f7fdcdc203bbbc5c8b33ed1c578,Rock / Pop,
240i0LOrrT58Y9sZHY4uzU,https://p.scdn.co/mp3-preview/76d48704d9dbcf943f65a7a1904effe6799d2ac7,Rock / Pop,
0zLINWDbhUzMDBIKcDHywG,https://p.scdn.co/mp3-preview/ef85bdd738a532161fdf607ca716de63b6198895,Rock / Pop,
73PJNCW84WU2dlwEsRAbTW,https://p.scdn.co/mp3-preview/268f7dfe30b0adeb5f366a8a32610ef2fd319502,Electronic / Dance,
6OkY9ew9ojW5wLdsFtFrpL,https://p.scdn.co/mp3-preview/7f15aad461c85f740af5c9e5d39dbef08d098b37,Reggae,
7nwAZLFG67yjV9b38ziH1r,https://p.scdn.co/mp3-preview/25ae0813a0cd9feb8781a31686c9d4d63c6f71d7,Rock / Pop,
6YY01Wb5W4FreO7ElM1Dsr,https://p.scdn.co/mp3-preview/252c4c123bec7bdfb9ec8ebdfcb894cb14bacab6,Instrumental,
5O5COEP1iBXFRmhUBorc5i,https://p.scdn.co/mp3-preview/389d986476baea0b33aaa75ddcdd6a32a9ced592,Other,
56rsRxzMK85VxaJEDn8Ssl,https://p.scdn.co/mp3-preview/eb1b30cb4d3f808b25c12fbaa6d5cafcb5cc662a,Rock / Pop,
31aYEk92O78Q0XidTax0X2,https://p.scdn.co/mp3-preview/bb47f79ec05a12e0dc0788d67606fc42f4e06dd2,Jazz / Blues,
3X61T8Up7FPQmbr8CVEm5V,https://p.scdn.co/mp3-preview/77b4717a117afe1ae093dbfec377c867f22dd7ad,Electronic / Dance,
6GBp2uFWL3NIKIRjEihZdN,https://p.scdn.co/mp3-preview/630fb89a53021b5618c59b7a5c91a4cf0985deb4,Rock / Pop,
1hrWQ38rC5KRJmm70QabjF,https://p.scdn.co/mp3-preview/8c27909340f5a99876ac21fca999e3c64591cf34,Soul / Funk / Disco,
5AUVyVdmMnzfuliA7aIYfk,https://p.scdn.co/mp3-preview/0bf8760f0814c08ebf89bd38e7e1639b69b2199a,Rock / Pop,
4eh67nubmsyFPzcST1yFw8,https://p.scdn.co/mp3-preview/dd74cd04f77f4ba57f4953fd87e2887c5b534d9c,Rock / Pop,
6rktQbIlVKP8CgHzHeHZoM,https://p.scdn.co/mp3-preview/3cc7b60f91df77ad46abaf08d496c8ff217b188d,Country / Folk,
5Wv37TqiYwVUpOHaz6nPsi,https://p.scdn.co/mp3-preview/c54f0bb0586451dbdfad03b01fade06a731b799e,Soul / Funk / Disco,
3KQRvCKd6elig016BuK6Zp,https://p.scdn.co/mp3-preview/f31a2f4f919601d54516d28f9abf7707bd48c4c0,Country / Folk,
4rTIHSHAUhS7VZdv7RWaQL,https://p.scdn.co/mp3-preview/3610554e71f5adec8c919c82fdd52cdcec17c190,Instrumental,
2Y6PvTZUpdhJRlCjZ4xVG7,https://p.scdn.co/mp3-preview/42fdad621fa486e71097c2fb8883f7bbf4ea18c2,Other,
2IXV9lkWqxXcdrxlgHSttF,https://p.scdn.co/mp3-preview/ce54156dbde5abbbb29d2baf98f2657c88d62aa3,Soul / Funk / Disco,
0c734rI6A4pOMnb59CbjTL,https://p.scdn.co/mp3-preview/0c2df5f14957f4e2ed67634edac49066bf491dba,Rock / Pop,
4YWITQ1kx1KWW9XKb6QIcT,https://p.scdn.co/mp3-preview/cb62b714e3971d1b25dc2f735a3d92f46d400b7c,Jazz / Blues,
0c2TFrVClHLZFK4wrQmAB9,https://p.scdn.co/mp3-preview/48dcf0cc1e61d61c9c581437e00371e0e0517750,Rock / Pop,
5DgSlIHXqb75VzoTM83u5i,https://p.scdn.co/mp3-preview/b622f547e2feacadbfdd98df32e8206cd72d2c37,Rock / Pop,
4ZkSLBWwA5t8rBsOBwhZLD,https://p.scdn.co/mp3-preview/efafc352c1046050f8f3e065b606ecc06fb56a53,Jazz / Blues,
3ZX0HI9zgIZiadOAWlFxTN,https://p.scdn.co/mp3-preview/7fd25770745ddfda41fc189611e967dfa288ae15,Country / Folk,
1yYJGwt39dfYgWhlxBf6sp,https://p.scdn.co/mp3-preview/87507301fd3fc9911b495d8e5e183cc5f578d100,Country / Folk,
7663uHPziZOmgRnJDdmtFK,https://p.scdn.co/mp3-preview/f3071b472816474a06dd86c519ab3daac3aeba83,Country / Folk,
3AlYw3oB01BkkyyQeaTScj,https://p.scdn.co/mp3-preview/248061639eaec54a1a0ca42b47e247375965b6fd,Rock / Pop,
7fXyuQqEBwpKtCa8PomO7B,https://p.scdn.co/mp3-preview/7f45b1f948947495702cd8585a48f14edb6699bb,Country / Folk,
4KEvtk10zeO3saXqKsKd1N,https://p.scdn.co/mp3-preview/18c0b1619c7233c6f62dd65adc7a1968c30bb736,Soul / Funk / Disco,
7311awIZA4BFOlXrRN7ouY,https://p.scdn.co/mp3-preview/dc4846dfb19b72ce5781c36a1b6efb13dda66928,Other,
1ae3Az9ToWiFLsEfphmj2F,https://p.scdn.co/mp3-preview/c51bce5fcbf198fc87e640fe4d97df77eb9b656e,Instrumental,
1PFZdTi6x5Huhqp5UNGskS,https://p.scdn.co/mp3-preview/0be04fc49a1fc7a5bdb9801dc5841333f7296189,Hip-Hop / R&B,
2S3d5hdWt4nLYmPFeE8vBO,https://p.scdn.co/mp3-preview/9b85849caf7b5fbc81c7f4bc7975d9842a3a7846,Instrumental,
2P6ZQkGO36PsLwoj8sh68g,https://p.scdn.co/mp3-preview/e954ae750aca1826cc5c0d15fecb8dfe6e46672b,Instrumental,
3BPSkbIUBo9O4FzI4IJmNr,https://p.scdn.co/mp3-preview/a13cb87a2155f6482785cb2e1aae98ef342255d3,Instrumental,
3e706bPjzfyA7lBuoTLlDi,https://p.scdn.co/mp3-preview/9c8c419c190ca40ea721b65875ab78966ce7e6e2,Reggae,
1xXm66jdZlWN8gLxvCX4l1,https://p.scdn.co/mp3-preview/3e48567d4a28b470daaebba363f1a1bcc6e18440,Instrumental,
0zZsprij0fJqF5Qhollzke,https://p.scdn.co/mp3-preview/8e42f1c04b664f38953a31a4554562536d259f55,Hip-Hop / R&B,
4Eg6F7NyoMD4uvwjfDzGu8,https://p.scdn.co/mp3-preview/ae629692cedda8d4c3cb877f88250613477137fd,Instrumental,
3uNu9H1eC7XGwcwvnJWMdy,https://p.scdn.co/mp3-preview/afccffd5de4debcc980c4e7f91014d73154d8ad4,Rock / Pop,
6oGYEFWPKQd5JvZqXAyS0m,https://p.scdn.co/mp3-preview/7636800380175b61d0f4aabcab4de39da9e62048,Jazz / Blues,
2R6Fr6AiHgFXRDfpI6Mhmq,https://p.scdn.co/mp3-preview/d2d2f6e54c6c619d13ee85ae5ee7877c2f8c5d96,Rock / Pop,
1jl92XoTqQy96UqxdZZarF,https://p.scdn.co/mp3-preview/3f1ebe096be93f5301b59a2a4abf838b129db4fe,Classical,
0GlNjSn9kEoJ7s9VS3qmZB,https://p.scdn.co/mp3-preview/db258d49fcf7e8a5acdb157908d7e6ec0dd7894e,Jazz / Blues,
3y6CTyF2a4m2UJo8P8EuSy,https://p.scdn.co/mp3-preview/13fa7f35b7cb17f55153973c453a8f4e67f259e3,Instrumental,
667GndhJ5Zjs7zwIRkKJrI,https://p.scdn.co/mp3-preview/416f97863b9e19b836b661eb18c470dae14cdf05,Rock / Pop,
0VwfuJOJJuq27z3Ja3TToC,https://p.scdn.co/mp3-preview/f532d88d0e966826cb5512089d1d428b2877ed35,Jazz / Blues,
0LWkEQ1O7ehADJqBkQzDRg,https://p.scdn.co/mp3-preview/9b7611c5e4c4f0251cfcdfb0db9e9c3993f3315e,Country / Folk,
2Yur2ldjEiHTYtrA7YQOPa,https://p.scdn.co/mp3-preview/7061d51a5e1fa363e77c7c0a49f62b754e75c510,Instrumental,
3pqMxMA1GzJEWto4aTH1xT,https://p.scdn.co/mp3-preview/a8c213cc7d486a6269b902f45c0b83e61b650e7b,Soul / Funk / Disco,
426iqvsLVSgvInJiS9zQv4,https://p.scdn.co/mp3-preview/bd1110faa38f14219cd40673aade588058932342,Country / Folk,
1PPqfN1tcqW4dMwq8UCzm0,https://p.scdn.co/mp3-preview/3a8948d844e337096118fdb46ca4eb62a43073a1,Country / Folk,
7jVecgNJXmJH06fKNJFRLa,https://p.scdn.co/mp3-preview/c387d80ac1f0ae62ed094f496381cebc4fc2005d,Rock / Pop,
3VGB0kcmPfTKdlR4tMka0Z,https://p.scdn.co/mp3-preview/95c542679d00f1574dea8d1c3a5a40fd93515afc,Instrumental,
5MqmjwHPEKWN17R1OYDokZ,https://p.scdn.co/mp3-preview/95c212f908fac92acd14414f2b11fe5b93c3a01a,Country / Folk,
1tFojlpESsSoHtCs1F9mDX,https://p.scdn.co/mp3-preview/ed6fc78238e51871862710eb90a413d9ab397c23,Country / Folk,
1iTozF0reCPisexjFloJg5,https://p.scdn.co/mp3-preview/0e9b552dbcca52392e2500f6e42692ba456bbb10,Soul / Funk / Disco,
0zJEMveI2RvFM7UupsV14G,https://p.scdn.co/mp3-preview/052a451093f3c47e907512bb1d01c2d59ae8de0e,Country / Folk,
45rM5EBlas7XgncKuntSEJ,https://p.scdn.co/mp3-preview/d5b4ed77a3d25f5328ae6256021b75b0c31ea555,Reggae,
0lilVU8pOaNLIC49wjV7oj,https://p.scdn.co/mp3-preview/3bcf83bd6eecbac0f794ef03b1996ae937957214,Reggae,
3M9hIZ4c1SzEyUNKQmdPcq,https://p.scdn.co/mp3-preview/8188cf9f266e14084a51ca08a6b320062bb54b44,Country / Folk,
5fPHWOd2VCHvi7TofeahZB,https://p.scdn.co/mp3-preview/fa2c4eba33f87d9dc306dd513374e9d9af65935e,Country / Folk,
5UkhrPxmxr7dcx63IWcxSL,https://p.scdn.co/mp3-preview/5c46ff79be8d8d7204a3bd41ce591fd546c0c196,Soul / Funk / Disco,
6NzGDCe72tBAef8Rwd1lO7,https://p.scdn.co/mp3-preview/621f7370330aec7b65988c776542351857138f84,Rock / Pop,
7BzhqmRj3iOZXqMHqiifHr,https://p.scdn.co/mp3-preview/949b7ef6586560b5e414c1db163583b33d6df824,Country / Folk,
20XZI82YjNZxdAzTxxRVUr,https://p.scdn.co/mp3-preview/265aae02a44796c4dbe995d9a29f32d46e19b66d,Hip-Hop / R&B,
3K8fFvAftIaFQkggqqkDrC,https://p.scdn.co/mp3-preview/e0214c995a293ed3a54e7ceb3e7816506e6ec302,Rock / Pop,
1bx67YXGhRHKCVt08brCHG,https://p.scdn.co/mp3-preview/9fe783569d77dd3f9714704917a97f70e881fff1,Rock / Pop,
0meFv4w3bUaZYkKvz5kWHo,https://p.scdn.co/mp3-preview/347090b63511cf765dcad3c3c1e4768277f77290,Jazz / Blues,
1q8dsMwuk4VtaZP5rh2LHO,https://p.scdn.co/mp3-preview/4244f70bbc891a26aca21fccb0cc2e9dee5ffce0,Jazz / Blues,
6AjWbJz8QNptItYgBAphJo,https://p.scdn.co/mp3-preview/954dbc1ef38110eb86fb6931de9fc9f199319e7c,Instrumental,
60PhbrEYQ9530ySRteVpYQ,https://p.scdn.co/mp3-preview/242062be7f1cf10f91e6032942a91f2b853461f3,Instrumental,
3ulnIH0oEer9cojkNXMwjQ,https://p.scdn.co/mp3-preview/1bb83ff75a45e979c1f813a32ed6d971cf53c80f,Hip-Hop / R&B,
1JS1eAUxR01EZGZSODlNR6,https://p.scdn.co/mp3-preview/c000351d9e73da598a2905de91594b8247e5c59f,Rock / Pop,
4t0y4M6CkEcpV9fZhkLeoI,https://p.scdn.co/mp3-preview/cebf82600f36661c01857d06713943d8d0ea4666,Soul / Funk / Disco,
3xNFDAwFL9hn5tHRJDBZDg,https://p.scdn.co/mp3-preview/3fa4caed26e0256188c7bc549ae577a38fdda26c,Rock / Pop,
5Xv84adBtzqqUu0Mroa1hE,https://p.scdn.co/mp3-preview/95f77b9799c7db0b856f85b88a3f0eafc319f8de,Instrumental,
3uGRHIY6abyeShN1boJV4T,https://p.scdn.co/mp3-preview/b9e0f3f37c006b731a172e06264a79e9bd94405a,Soul / Funk / Disco,
0tFtCE6cGctX6zNLti4zP2,https://p.scdn.co/mp3-preview/5b7f2733dfc6d5618f4554512cd10c4af3b58d03,Rock / Pop,
4kQgvqFVKSd0huKtCiIr8H,https://p.scdn.co/mp3-preview/69bd7403f63cd2ddc76ae4187eff7b626b32df6c,Instrumental,
6EZSCgn80pOpfJQMxNVaAe,https://p.scdn.co/mp3-preview/6728c5e9d9cd595656f37a9f36a205197ec90492,Rock / Pop,
0GQXDeYx133AYvGj1BeQK3,https://p.scdn.co/mp3-preview/3d7786f350d7310844440cbe3abafbf02e53c9e6,Reggae,
2qqYjSMnvbrYpLQnBXfGev,https://p.scdn.co/mp3-preview/82bf127c80d70b6cfa1c01fefc6618971d0354b4,Soul / Funk / Disco,
2fVkA6aLOoLXgxRjbnePsR,https://p.scdn.co/mp3-preview/b184777027064c4fb842be1d4646edf3d56d4e3a,Rock / Pop,
7FCkzASbqSaHMLpdHDZkRn,https://p.scdn.co/mp3-preview/15f5546260c66aaf796ed7b5343b9a2106550eb8,Soul / Funk / Disco,
1IKJz8AZIupdvQKhm70ywA,https://p.scdn.co/mp3-preview/6eac5eb23c627606a3a29f262bc0ebe14d41bd09,Rock / Pop,
6sFfJyEP12TbOPU4dDH2Mz,https://p.scdn.co/mp3-preview/ba9a4c134f822b74d18196cd766cfb3df4578b0c,Rock / Pop,
1x4YVTOktcHSiWhtdlfb0T,https://p.scdn.co/mp3-preview/a684039d2c5478ecde2580af102222af19ff9caa,Jazz / Blues,
62a15mOykbzvUzcy4BBtnj,https://p.scdn.co/mp3-preview/a7934dd6226c4ab0cdb07eca93abc3e5e42c66e8,Rock / Pop,
25Wwng2tsiWFgYD4VwwWEO,https://p.scdn.co/mp3-preview/b700f3b6977e07528327501777c2475e379a3449,Jazz / Blues,
1dJYvmPsm2HQ4FcuVZ8pPT,https://p.scdn.co/mp3-preview/7041ce5f50efd1bea3efab4e1e5b6844b1b8acbc,Rock / Pop,
5tg2S8cQZBnVpWrXuSkfCX,https://p.scdn.co/mp3-preview/00e66d2ebb5aeae1f2d4f3b79ec78dc029e5c96b,Instrumental,
4q6fIlekXfXFZJNbwxvdXE,https://p.scdn.co/mp3-preview/010d6db9eb231c99363658b1dfa4de07b13d3254,Instrumental,
5JNGLEx03Suk9jV0kVZNdh,https://p.scdn.co/mp3-preview/0d0bea5f52d1f6f3cbce8f0e7c55d9112063e6fc,Rock / Pop,
3UN87zQTXKRv7uQfdgQ8rH,https://p.scdn.co/mp3-preview/c0bc95aa9056acc55c63013b57e899a7cdbde3e1,Rock / Pop,
70Bo1ycbnjb6a8WzGLpm58,https://p.scdn.co/mp3-preview/86f38f2b599bd56c922f4913f0185e72347a5d39,Rock / Pop,
6ZXBY8JcFUMuzE6OdEIjhL,https://p.scdn.co/mp3-preview/e548a8a5651bc5c21a10910652aab013cefa0127,Instrumental,
6jcrLydBhDWLkzyH0RkPTb,https://p.scdn.co/mp3-preview/dddf4ad04553bf4ac706bfde507f004e1545748d,Country / Folk,
7pc4rWOLWsaZYvrI6Q9PRU,https://p.scdn.co/mp3-preview/21283b8ede8bf9067b2e0c448e8343732ef53184,Soul / Funk / Disco,
6n9uePbHvgzv2hRiWaM6Z8,https://p.scdn.co/mp3-preview/96c06282278dd561aa603e75ed87db6a5f379989,Jazz / Blues,
7mVrhApVgBufCuI75AZrsf,https://p.scdn.co/mp3-preview/79bbe47ef0d585a288e4e27b99016c81b500805b,Instrumental,
0soJHnUdEQdJAPT04TnReE,https://p.scdn.co/mp3-preview/6efb89118aeef4f9efedd1dc0559d1234255aaad,Rock / Pop,
5b3YexIhvUqvHcTC7ZuPZz,https://p.scdn.co/mp3-preview/d2d6da4fa169a2d7a78bc8e9c3b9e7b93ef00832,Country / Folk,
2ctCBqLcv8nlkgj9vEkpPt,https://p.scdn.co/mp3-preview/d954d025b82ca5de196e4538cc57fbafeea7f61e,Instrumental,
3kdVgR8OIKe737hLNatbaH,https://p.scdn.co/mp3-preview/cf50ab17502b8b69fbb2652c577e3553afe4b6ff,Jazz / Blues,
1zT0IDHqvvCsGRNPsvnQo8,https://p.scdn.co/mp3-preview/c3edc44c6dde1216591ef1e05aa6b8939c150fb9,Jazz / Blues,
0bDXhOC1wHjcXfQjMnLgSC,https://p.scdn.co/mp3-preview/fa37d6aa4f30cfe5b513049acd180a209103cd75,Country / Folk,
217wg0xOuvaIIdG30L360W,https://p.scdn.co/mp3-preview/e0bac3306b24ad40573bb84acce5334bc7a2926c,Jazz / Blues,
3xEvrL5Bb8WKsdN8RBwtLu,https://p.scdn.co/mp3-preview/17d67c708f48876da63a965460173b5197fad96d,Country / Folk,
5NGMFMuOV7xg04pAHEmgBZ,https://p.scdn.co/mp3-preview/c5ba57320860ed0685c9ac95d8c81bee0dc72790,Country / Folk,
1IVbbCh7F36w6cZbY8tWBf,https://p.scdn.co/mp3-preview/bf17a8f9865705fd2aeaf2ad9c3a3dc569ecd5ee,Jazz / Blues,
79siVg1YEYzyyUzicganNr,https://p.scdn.co/mp3-preview/1400fa5be0c384f6c4636371046f06c4e3461ede,Rock / Pop,
6dTWqSoaXq1vFX07qo2VEw,https://p.scdn.co/mp3-preview/61b49838470a4fc77da8157dab4a7a987d06724c,Country / Folk,
6rJYybSTSvKHZ2DFJIbC1H,https://p.scdn.co/mp3-preview/dbaf36ed534a8f5f88582cef157707a07d26868d,Rock / Pop,
0c5Yy8zt7E433jqYk0QBEw,https://p.scdn.co/mp3-preview/7d984078d0ffe303e830539958b53609d391b325,Rock / Pop,
2caiD1yLnFqoO22CPmekRh,https://p.scdn.co/mp3-preview/a16fda8d24242bbed2f86fa2cb29effd0cf90cbd,Country / Folk,
790l79w61xzq7hvcvaSS1c,https://p.scdn.co/mp3-preview/43579e910c1f477a01e70dee2ef80d290eec904e,Rock / Pop,
3kRHQTe6UO9n0x7DN9Mk5k,https://p.scdn.co/mp3-preview/6dadbc44f6f4ee97e2ae6992ce6301cc84c0a6a4,Rock / Pop,
0cS8YerP4HfaTmtR5G2FYl,https://p.scdn.co/mp3-preview/5c7864543780625c594031cb8aefe076d2d5369e,Instrumental,
2fqjgezgOzDlfc4HOEwHKr,https://p.scdn.co/mp3-preview/a1dabbb7fd2cdd4722442a3d640bf190c055a84d,Soul / Funk / Disco,
3yUj3XlN8sKddCDs51sCCJ,https://p.scdn.co/mp3-preview/27fc2c6dc63e66eb605cac0fa0e10a784e90dc1e,Soul / Funk / Disco,
6f4HkPpPt53JHNj0e7473y,https://p.scdn.co/mp3-preview/235b7942ab64ecea9e66f451064cf0a0735011a0,Instrumental,
2V2U1qJKCfnYRTzSBbfx0w,https://p.scdn.co/mp3-preview/407b1407681a47d03064d80ae2e329483901144d,Jazz / Blues,
7msX8ViUOJ0oO1KlCoZV1a,https://p.scdn.co/mp3-preview/ca42678896c06bcdd8f8f26059f78e3235f9ed06,Jazz / Blues,
5h9Sbw8glGgmA5xW9oEe3E,https://p.scdn.co/mp3-preview/0c227580a6e37f11ffdc58d9af174d35d125ff1f,Soul / Funk / Disco,
40iN3ooJgPL9rYh48QDXjv,https://p.scdn.co/mp3-preview/f7865b3c29ed2ef4756adaaa8c272b6de32fadbe,Instrumental,
3kJbIADuvp8AY9reh0x4tl,https://p.scdn.co/mp3-preview/23027257b3f4ee655344254cba2cba2079ec6f17,Classical,
2QAd1DwchgyjRxfEYLoWGq,https://p.scdn.co/mp3-preview/6399d34c046239e8aba512f2ce89d6c41714ea29,Jazz / Blues,
1oeqI0ICL2bkb1bJaVd5R3,https://p.scdn.co/mp3-preview/c73df0a3e4fff22a76172f26b3ea84b2286f05e0,Jazz / Blues,
1NcHL9mZJaZPB9R8YaRyJD,https://p.scdn.co/mp3-preview/33cb33b17a8581160589136bae23439dfd4d9c3a,Soul / Funk / Disco,
1vlG1j58uXdtF4wV0rqCO6,https://p.scdn.co/mp3-preview/a70c2f0734ee20248c01d370ced25076d8d708c0,Jazz / Blues,
7wiKXNGQ2X8wey2zsGACQk,https://p.scdn.co/mp3-preview/dba09fc1802dc090419288ad70d5e1dd90fa20e4,Soul / Funk / Disco,
7tfGSQ1mPCIbBRMUwJgwzr,https://p.scdn.co/mp3-preview/98d2e580a4fd77d60c5e1c4d68667e86c83b5c67,Instrumental,
63SpoYgRRzC1pT2pd4OtKz,https://p.scdn.co/mp3-preview/0c410081ba042faa638e4bf96d49d282e55c8313,Instrumental,
1dN5DXM88pr0FNZIqJF6r7,https://p.scdn.co/mp3-preview/43228f22969cad4927c1d79ef40e008cce53f8b4,Jazz / Blues,
4n5sHud3KUnqq1UunlAivg,https://p.scdn.co/mp3-preview/79a7eb6f04bcdd2414405e4de09606f3a64552bf,Jazz / Blues,
1hyOi3wzVKSS9ri0gxmNQr,https://p.scdn.co/mp3-preview/878f54a1031018947f8916ab092b30af600d7722,Jazz / Blues,
2PYiXAc89bAkuN3y1XUWMf,https://p.scdn.co/mp3-preview/2cef8dc7631a1afbc850c38ba503f29ad5b977de,Rock / Pop,
1zv6kJFyYoAITbRJMGnkZI,https://p.scdn.co/mp3-preview/d7edd76834e43110fd3d1ef45535750a3028c200,Hip-Hop / R&B,
51eXd2jTmr9tEh5gZCWFeM,https://p.scdn.co/mp3-preview/12d53b9b58bd87eec03643538040b7b87b7f31e4,Instrumental,
1RWSN4fTU7jMHdETacYBCN,https://p.scdn.co/mp3-preview/06469381ffedb340fcff743d58976d8da384bc0c,Jazz / Blues,
2rLP81pwfNqXS8dI1APAZ9,https://p.scdn.co/mp3-preview/0b86b2b0b5ff66bedf59547c16641077eb596f57,Classical,
20JvZdlZh1Sh186D0s3bRJ,https://p.scdn.co/mp3-preview/5ec87345765994b9b01f3bb78f205f9471f129dc,Soul / Funk / Disco,
5lW1ycqMeuopDMeQQWVqbf,https://p.scdn.co/mp3-preview/0089a56ee093b749c5b99d8c29d5f96a413ae33d,Rock / Pop,
0UKHKuH42FkgZCe2zUiHdx,https://p.scdn.co/mp3-preview/e522180fce132a52d87b92e17c4c65aec1e4bdb3,Jazz / Blues,
5HgxZNOb4x3QsNhr2AV0PT,https://p.scdn.co/mp3-preview/c88331b0cc14392f4f46a5e5c98b68fe79011a24,Instrumental,
6d2UAuosG6P8dqqzjM6ebZ,https://p.scdn.co/mp3-preview/192f4da662853ee196a6ed2303b8c377eab4b89c,Instrumental,
6Y2papk4f0i99xnUkvm9Dt,https://p.scdn.co/mp3-preview/6624950f88a494c0c6296fcf9a23a0cde3d47afa,Rock / Pop,
3SM6vjZAGUCoNDep8aHqqA,https://p.scdn.co/mp3-preview/94f9fc1b08239a1bf17397057565470682265827,Jazz / Blues,
1K8QNjzT2gXI589N0fD3Sh,https://p.scdn.co/mp3-preview/5cab9f7c7323da1f09b3a03e1d8a9e870d129c03,Jazz / Blues,
4B2V8rjciD50eW0E3aOHJm,https://p.scdn.co/mp3-preview/293e24c4ea4f6c45082e643b593d0817a93fd3f4,Jazz / Blues,
6X54CBSocSRrhDJ3TqrKDf,https://p.scdn.co/mp3-preview/a969f8ae81cb65565d94c7dc49013933c45da3b5,Rock / Pop,
5UBQjJMhrFCwUy1Zs3r89E,https://p.scdn.co/mp3-preview/cf2ab2e5fb4e29b7f9caf83875f8391599c9ba07,Soul / Funk / Disco,
2XLfVAcSfBQklXAp1ExsjP,https://p.scdn.co/mp3-preview/6e2da57456f7f956464e5c3011a52fd01082407d,Classical,
5xgregQDU763YAsmLVLqOx,https://p.scdn.co/mp3-preview/a0ee377bf119b1ff13a045ed6f59f2eadb1db078,Jazz / Blues,
3Ou9BDByMyIgGfnnOwhopQ,https://p.scdn.co/mp3-preview/a3a818c8aa8f56d5465000c1bfb4a964c9a1572c,Soul / Funk / Disco,
3RwAJANpvQw5Eq3pNHIReI,https://p.scdn.co/mp3-preview/96ea2e292d9d01d7c74cdb0f4caa5b94d9c15c42,Rock / Pop,
5jQQ8RsP718xQguwdCvomo,https://p.scdn.co/mp3-preview/5872a1470747ef39b122d32a6f9b16644e7252ad,Classical,
6IAEo0R7qhiUQfc1nSs5FX,https://p.scdn.co/mp3-preview/eb473b2a86f774a6aeedb581dd12cdb742ff9393,Hip-Hop / R&B,
1e0bvbT3QsSZcuO7N5fnfB,https://p.scdn.co/mp3-preview/034717e850790a49d0e1ef7d7ce07594c4216618,Jazz / Blues,
3AUmQiJYTFNCZTbCWbP0rr,https://p.scdn.co/mp3-preview/8cbaec12bf6239c4d00db095102a8cb0224faab4,Jazz / Blues,
3UjlBLkLhf4OOBQtUkG6Gg,https://p.scdn.co/mp3-preview/b1c5ae355db6c72a66c22b52b040337abcba69ec,Soul / Funk / Disco,
5ezHdhDKacRGgnp6MtjS8o,https://p.scdn.co/mp3-preview/503af70e1fbd9f57bb99e7535c859ba80578976e,Other,
5iFCRXGwwRXaJoC7fBuYtX,https://p.scdn.co/mp3-preview/d43237c882689f296dcf1ff82634d7e96eb8e711,Jazz / Blues,
5O1DbH9rJpt32RZCZpQ6el,https://p.scdn.co/mp3-preview/cc65b3241d4df3a7ba26db0f9ee7eeacb08cf680,Instrumental,
3m4AaIMpyyk9sNcnoWDC4d,https://p.scdn.co/mp3-preview/8d50c1a54bf5d3ef45a7d5768779003d85836f9c,Soul / Funk / Disco,
2bQv75oIt4OrcCDWcjhtjM,https://p.scdn.co/mp3-preview/e2f5ecdfc357fb23d289d76f8daf4d581d9caaca,Jazz / Blues,
1x8xEbYcpHM6WUFgXJZDuh,https://p.scdn.co/mp3-preview/ebc5bbab18da54181befaa7877797692ea693052,Jazz / Blues,
7mJF4ILuGlYl9IRW2ZR5n8,https://p.scdn.co/mp3-preview/99f6d61e66f08d45ba3a4e635a74fc2909afd189,Jazz / Blues,
3pOR3xFHuoLmt5M5XPABTy,https://p.scdn.co/mp3-preview/56c6ae606a60cd8807ec60dbf7d33ff5116c1d36,Other,
5nk6zEbAUaoicGq1S80oaO,https://p.scdn.co/mp3-preview/777c376512d24c9381af9c5d4b4a3eac761b4ce5,Jazz / Blues,
3y33EVWO9gq2yVUccqGnOr,https://p.scdn.co/mp3-preview/a4372d586d372e023c35b501015f8e10f2c72230,Soul / Funk / Disco,
4z6DnfaJ9DNi7iEQWQyqah,https://p.scdn.co/mp3-preview/c86286b4c009cd4ba9602a6c4cc04c8f0eb8281d,Jazz / Blues,
6RF8jU5KAlkcXY11UC8pks,https://p.scdn.co/mp3-preview/2b00c20b639934d0ffd20869743ec4d5c294d863,Classical,
7FCcTxy5GsRFHWWcHAIGJ4,https://p.scdn.co/mp3-preview/3db51bb2d44f589abb11c5c2530d432071b2d354,Classical,
3jgzs0sChyKYsN51t4YS8H,https://p.scdn.co/mp3-preview/bf53e4af0bdb2e2585e8d5ce286bdc168ef88abb,Rock / Pop,
7Al1Qf1rpRSp8QffEG1iVt,https://p.scdn.co/mp3-preview/6df38035544b6d656a6612818efbf4aaf09e26a7,Rock / Pop,
4jvdsBfyI6upxdvKjKJqxV,https://p.scdn.co/mp3-preview/e485d773bf98f5796598d77156bf2e307accc6e1,Rock / Pop,
6u4RHQpFXlz5iq4Hm0XyrY,https://p.scdn.co/mp3-preview/1e962342b49afd7c2f582cf9232980419cdabdf9,Classical,
1hmMTnVi0iLqFabHDNXMMg,https://p.scdn.co/mp3-preview/e3538f3ddf36a5fd8b9a7a3f8db2883afe5768ba,Instrumental,
6cj4V6ofYdiW3woW5IJbe7,https://p.scdn.co/mp3-preview/38f898501a592340e2b14630b25fc3bbc7357e97,Rock / Pop,
29FELMq5Q8sVmNgWDn2Wai,https://p.scdn.co/mp3-preview/06d630adbb788dc0349941878d00cc400afca4c1,Soul / Funk / Disco,
79Y45dNYhfaK1HH71q9wGG,https://p.scdn.co/mp3-preview/d9cf187c26fcf4ec0eba4a2f907bb11cc636bce5,Jazz / Blues,
0ewI0egRhNCSSjqLALAwhT,https://p.scdn.co/mp3-preview/4deaf22f90be7806e0419b89e28b6e7dc4033e11,Jazz / Blues,
1LtqLpXdSCtYLMkHU7EjSf,https://p.scdn.co/mp3-preview/bdec0231c0d7aabe1d14893fc7ab4d547d963ff9,Soul / Funk / Disco,
42VVAOP0BzkpZqDESlPMGg,https://p.scdn.co/mp3-preview/cf01554f068be8856c77c0190720c48ab42572dd,Instrumental,
2zw0gB3iwXLDHq8LPa7e1y,https://p.scdn.co/mp3-preview/f1039958b0009223242eb6605570c299772a9ed0,Soul / Funk / Disco,
6lyDCjH00geEGWyAXNdySw,https://p.scdn.co/mp3-preview/b136a06ffcf22546d7330bedd4b7b8bd5e5ee77d,Soul / Funk / Disco,
7iJ0gr4bvVLNf6tIK9Gv5O,https://p.scdn.co/mp3-preview/d7128d9067c10d463dc5c97118c3e936788ff5b0,Rock / Pop,
6aIjmn2C97DpahFKxT9gPs,https://p.scdn.co/mp3-preview/08c9015c5c7fc2079fb64e1bd928de38cbdcb9a4,Hip-Hop / R&B,
1jeBOSYqKaLh7pGmM6uVe5,https://p.scdn.co/mp3-preview/a8407edf96ffe35975f05c95a3ff4f3f5fc3b3ab,Rock / Pop,
3TUprFg7Z55kqc4vi9vgw8,https://p.scdn.co/mp3-preview/bfff700f5fc7d5a7db704430a602d3e52971f1be,Rock / Pop,
72u8ykroQtwkm9yu9OHWhZ,https://p.scdn.co/mp3-preview/c1254a490dd1f82a84efcd06ecb782f97e94a057,Soul / Funk / Disco,
2cApZFmBMCxF3obNmVUXga,https://p.scdn.co/mp3-preview/1078ec300b1721489cff65171514bf99659f0fae,Jazz / Blues,
4yYhy0HbLw88si9DSNDw45,https://p.scdn.co/mp3-preview/9c7d751c21abd0fa5508ce0eedd184a02634014d,Instrumental,
1JED0tXK4nXXtEDRNAUAF0,https://p.scdn.co/mp3-preview/caf4a155eb9ad8b8afab1a9bee223307deadf28d,Jazz / Blues,
1JED0tXK4nXXtEDRNAUAF0,https://p.scdn.co/mp3-preview/caf4a155eb9ad8b8afab1a9bee223307deadf28d,Jazz / Blues,
07BWAbTQKRaMgqBEyYgU5I,https://p.scdn.co/mp3-preview/830e1df72fd398ca9a91f37a5eabe0ac1ac0304f,Other,
7b1iVvFSSzNwQKYOe8gZDS,https://p.scdn.co/mp3-preview/2c52ffc7a0c2edc59f6757cb018ad9b8b640f054,Instrumental,
3INu8UvxLx5T02T4x93EHh,https://p.scdn.co/mp3-preview/05f927aa32b0c7af761faf4d3cc393d8852d9b6c,Instrumental,
4gzUAPZky7dG2ReEPh3URY,https://p.scdn.co/mp3-preview/7e453fc907c35a4d137c1029fee89f35267decfa,Instrumental,
5p1858Qzu0dXFJNW6nZPAd,https://p.scdn.co/mp3-preview/45a02ec37368eb01d6f2257e88846855a51277ee,Instrumental,
5e6zCho08WD33G1hxdAohe,https://p.scdn.co/mp3-preview/37c0df2b5d495b68fcd2b2fa2e46e7030aed25ff,Country / Folk,
2CaDevMIakRZjMnRHIUYt5,https://p.scdn.co/mp3-preview/07f76a80ba17596b9bdb436ac2e9cead73d2c06e,Soul / Funk / Disco,
1yYPwHlNgqeHLVxWPnUW53,https://p.scdn.co/mp3-preview/17de3987d1775ae419f90403a544666d1e9111fe,Soul / Funk / Disco,
4qh7qnVQihI8JTveql5eZO,https://p.scdn.co/mp3-preview/705a7e0e0681dfd67c9127497c05c3c23eacc98b,Soul / Funk / Disco,
47DXxKGRsvov915RRgyIk1,https://p.scdn.co/mp3-preview/267b2f798a5c9812764bed7ebbc119e3cb0f3282,Electronic / Dance,
1A8OrMrc15qpXp5MuOfvG2,https://p.scdn.co/mp3-preview/60ea23c3ac2f0b736a3bc8ee05e0638fa6212c99,Rock / Pop,
67kBDW1tUX2KNt6fPfmexa,https://p.scdn.co/mp3-preview/74b3b6e8131eaa77563e49b03548e052e401ac39,Instrumental,
64BTw481FzG8bv6Qx4XGyt,https://p.scdn.co/mp3-preview/4a47a991f133f8c64f4a1f91d3b0f5cbf4026d63,Jazz / Blues,
3VjJduu56JTXNhkDV1dZK2,https://p.scdn.co/mp3-preview/750f4f38f4214401f451c23dba00298680694f7a,Country / Folk,
2vTPnVToPdKP4W1irOlhz5,https://p.scdn.co/mp3-preview/4b28e14b5353dcd614946a0b850c2a2dd6d55204,Country / Folk,