songid,link
SOOWSEV12A6D4F659C,https://p.scdn.co/mp3-preview/0fd08ae58ab3675206c12bbbc67c49eb98ea3b5b
SOLCMYD130516E3681,https://p.scdn.co/mp3-preview/8dd44a8183add6ceb65ddd72d4c8e80fd724c2b8
SORWNFY144AF84B2B5,https://p.scdn.co/mp3-preview/f32a0c2d8f2beda7d68c2aea2742833747bb94c9
SOBTYIF143CA759C1F,https://p.scdn.co/mp3-preview/3b7ce15b4c08506321c272c2584558e26ce47ae1
SOCZXQT1312A8A6648,https://p.scdn.co/mp3-preview/02e6e01ccfa65cf7550040053edc5e0b613f1b4e
SOOUSGH1313439C8BF,https://p.scdn.co/mp3-preview/e647b847b15279004c7a2b6b46fe28a81bccd967
SOGVZJL1312A8AC08B,https://p.scdn.co/mp3-preview/1b5d682bb6a58bd4f4d9fd7acbf2999b6a41beae
SOLRTOR12AC3923BCE,https://p.scdn.co/mp3-preview/cddbec51a5a66494349f00669b6185240ad18a75
SOLODLF1338A5E658F,https://p.scdn.co/mp3-preview/31e157f03ecaa6e3f6cb3a5a60eba9a85fc00b64
SOKCVKQ12A8C13A920,https://p.scdn.co/mp3-preview/85ac5feea217797e1759245538ece3232bf9de95
SOGFVYH1313439642B,https://p.scdn.co/mp3-preview/32ab7a6841a0bba4633c255f60ca26caad38e28d
SOCCTJU12AB0184D2E,https://p.scdn.co/mp3-preview/a1dc1e58b229fa912cfc8163b93dc4c764e72175
SODVLOP130516E2DED,https://p.scdn.co/mp3-preview/0a05270e93f7fc2281a792aad7b95d2b7e7432cf
SOYMGSC1377A64043D,https://p.scdn.co/mp3-preview/440e9912f171e0d5418ce867d3b2fceada9c66e8
SOCTUTR12AB0188188,https://p.scdn.co/mp3-preview/f51e8b109c1622af42cd7778018e467b4be486dd
SOXLHOT13167711AFC,https://p.scdn.co/mp3-preview/6e6e5c689e2a4a2a107b6639d80791adf4418d4b
SOGLMOD12A6310E47F,https://p.scdn.co/mp3-preview/ff8af64a6da7bd7f45bd8afd61bed51845edbad5
SOASTLT1311AFDF7D5,https://p.scdn.co/mp3-preview/98ea631f8a76e0b8147af6a82859955745c8e61e
SOTDBLQ144C813CFD9,https://p.scdn.co/mp3-preview/ec7e1660994c84a5d304e43058f1465107cce14a
SOXRLIF137571B4BD8,https://p.scdn.co/mp3-preview/9caaa008e9ee02b16a6b92dcd626face22eb79b8
SOQBUJM12AB0187C42,https://p.scdn.co/mp3-preview/9f1fa5f09ff965cabb5e37ca430ef26c769f6242
SONHKBO13740867159,https://p.scdn.co/mp3-preview/3fa84d6844f29c8e3a691e36b22d597aa10e00ed
SOMZCTK1313439EA61,https://p.scdn.co/mp3-preview/2a5fe5a0ca5a84fdfe6173cf464f7cf17df43a9f
SOFOHTV147BDDCBECA,https://p.scdn.co/mp3-preview/ba89d8b181ed4ad7765010067f8b4c006cdef9ea
SOHYBZX147C5F916E5,https://p.scdn.co/mp3-preview/07e63e78659f494e5b4389fac2314d6b18f0e799
SOUKSFJ13C1B40994F,https://p.scdn.co/mp3-preview/6e6f8c6132ebdc98ff2398f8d2254caba7f87022
SOGXYOD131343931AB,https://p.scdn.co/mp3-preview/2b3d2dad1227449557237652740ee4af1658a26e
SOMYORZ1468CEF0070,https://p.scdn.co/mp3-preview/3fae1fe4fd11ffa1282a196942f0c416a11457ae
SOBFXBZ1311AFE31C4,https://p.scdn.co/mp3-preview/b0e22d5fbcf207ad3466496280543c7461ff2c72
SORFFFW131343873D3,https://p.scdn.co/mp3-preview/f6f8f9bc7682bc9f0bcec90c0446f430a7cbb026
SOIULCV12A8C1327BA,https://p.scdn.co/mp3-preview/aed23b0ce6c58b4f1b25806ea3df263dcc50ab58
SOGNHEH12A8C13BB25,https://p.scdn.co/mp3-preview/cf5284dd50190d075fb691ff8186b5d50e889aac
SOPJWVW144F5A09143,https://p.scdn.co/mp3-preview/e5891ccd04ff661284418ef3672273a51e4c3c95
SOKXXJR144F8830797,https://p.scdn.co/mp3-preview/3ed8d1a4357015897b9c8e7f7a8d0d3cdb7e5e4d
SOPHMRH13CF4D2B531,https://p.scdn.co/mp3-preview/09a6a79087a1bd9b396eddc8a0749132c5ae3d50
SOYITIB14394FD672A,https://p.scdn.co/mp3-preview/e646950a1c221b56bb98ecbb50f06b9fd6c59940
SOPXCAT130516E4003,https://p.scdn.co/mp3-preview/27273e704d6343fdc823ae4e214bb1ddded0736d
SOQUSXR1313438D0DB,https://p.scdn.co/mp3-preview/78db50f23a13c8291f6fe654c0dc40fbc3b1d693
SODIEUH12B5527974B,https://p.scdn.co/mp3-preview/982d6df31a4eccca1fdcdb2fcaeca0ef2e125d22
SOWEHDS1425849D0EF,https://p.scdn.co/mp3-preview/53fba1e88c596cc463ada306dd23371cf5659a9b
SOCCBRK13D8EC7F9B9,https://p.scdn.co/mp3-preview/3f8d114c77246e92b379fb0f5bb74a232d93a19a
SOQZHVL13EADB60EC3,https://p.scdn.co/mp3-preview/c219259406f83427c8816d4c33142d16e3d66350
SOBAXKV1373C8BA4C8,https://p.scdn.co/mp3-preview/4691ed4adc443faa8829d9683adb7215e7d0acbf
SOFISRZ13723D26205,https://p.scdn.co/mp3-preview/288c0895fac0f820647eebbf8e704de47b221f94
SOLXWFE130516E3F3B,https://p.scdn.co/mp3-preview/7a96539ca277baf8180526fdfb5c7ee00e1f8f1d
SOFXDNL12AB017F554,https://p.scdn.co/mp3-preview/36f08847d44ed2c3fc4fd4cf87909150741631ee
SORQHEB1315CD406F9,https://p.scdn.co/mp3-preview/08b46c52dc05e506769d789d2241fddb796f6b75
SOTSTOH1311AFE32FC,https://p.scdn.co/mp3-preview/fa8b85e6eca0c7a7ff1cda6ab65cc928ca131433
SOEJBSZ13134392B64,https://p.scdn.co/mp3-preview/9b848270d4c74bbfd2faa4b5d8151dba444fc528
SOFZDKP13743BB73C4,https://p.scdn.co/mp3-preview/4c571b5f367c2cf6dd0a10fc46abd85bc6434e66
SOLRTLP1311AFD7015,https://p.scdn.co/mp3-preview/7cf53d9ae1443da3dbdf3ac34e13d1008ac33251
SOKPTQB1312FDFAE61,https://p.scdn.co/mp3-preview/73d9d56f3bd8adfc1a31a40f2a759d73fe0dfe1a
SOIFZVR12AF72A43D9,https://p.scdn.co/mp3-preview/580b29dc7dc15851ee6dac54972ecbb07c85808d
SOKSIJN12B3A16304A,https://p.scdn.co/mp3-preview/d257cd8e47528f937903be948ef88c8e76adad19
SOBNUSJ1377ABAA4FA,https://p.scdn.co/mp3-preview/92cd6d2dd848e442ddb9a6601de3b3393e813218
SOGVHTP12A58A7D516,https://p.scdn.co/mp3-preview/cf03b3984494f420f785771d141ccd484a0d204d
SOVRZAL14637B6B26F,https://p.scdn.co/mp3-preview/c6b18c36c7ce3c177ade665f120c8bf402ebcf63
SOKSOAL136ED424EAB,https://p.scdn.co/mp3-preview/ea8ab7b6809f86a49762865bec15d727d5dcc1ee
SOGCZDU13134397C87,https://p.scdn.co/mp3-preview/226c01767a8cc6998d228f2b19a13d7933ae29f9
SOOHUQL12AC46860DA,https://p.scdn.co/mp3-preview/bc415de6539e92f378317b5877b2e3c5b77e1be8
SOOULCK12AAA15D11B,https://p.scdn.co/mp3-preview/b8065654b0318298acc2e33f99dba87f528b972f
SOHQELW12A6D4F951B,https://p.scdn.co/mp3-preview/1334b985add35a905193c9b8ec47876d8247fb5c
SOCPLQT130516E2043,https://p.scdn.co/mp3-preview/e6c20c1af55920eca099ca73d7ea4578d25a5c2e
SOKXQQH1313439E8E8,https://p.scdn.co/mp3-preview/e3f83a684ba80c8bbb188eb82284ac0d06a3b15a
SOXUHAE13B0D5DD343,https://p.scdn.co/mp3-preview/77ff4ddadf43bce3fefad90f5f007ed2a42d92ab
SODBATK141BE21502D,https://p.scdn.co/mp3-preview/c90c53eb61006cac05e10504fac0405c68506e1d
SOUYCAG12AB018AAFF,https://p.scdn.co/mp3-preview/8892fc2ebf0c02ac70e278bc189b503823c13248
SOUBLEC14046C67E78,https://p.scdn.co/mp3-preview/c42653b40ed19ccec4361ef182acdf2d2aad867a
SOKJIVR13167711310,https://p.scdn.co/mp3-preview/ad73f959ee98370fa8bfd63e24d4963b8a7575da
SOPJBIT13D83703B03,https://p.scdn.co/mp3-preview/845f269a4b576a1c70f2f22157c1090990fd9eeb
SOFXMOG13B0CA1E1F9,https://p.scdn.co/mp3-preview/29050a6da540bbcc0d39e70594fa73b38a45cc38
SOVOVHS147E9A8588E,https://p.scdn.co/mp3-preview/04ce6dd74b9f21e337b3599d27c19b2b4579f531
SOTKLOJ12AF72A80D1,https://p.scdn.co/mp3-preview/5490eaff3e6b0ec342c52a1700110f8dcfb3bfb0
SOAGLGU12A8C13A5BE,https://p.scdn.co/mp3-preview/c0bafa0dd098ce4c55f789d4465a29e4e4566490
SOFVQGW131343A5325,https://p.scdn.co/mp3-preview/b9c49e87bf7b3b5e222b3119ecbb1035ecab6538
SOAVXOY12A6D4F666E,https://p.scdn.co/mp3-preview/40bd4c4cd6b93af006589728df4b73b73d03caac
SOAACHQ1316771889A,https://p.scdn.co/mp3-preview/f376f850d4863bbd6e0e074f73dd0b01a8cf88c9
SOARIUV12A8C13C863,https://p.scdn.co/mp3-preview/24aa495de3d20cc28d4b9d8fedc2b317d373f776
SOJFIBM130516E2EA2,https://p.scdn.co/mp3-preview/055f8b36abc880ace0ac16d75190d1a35a1ec7cd
SOGOWMB1311AFE425B,https://p.scdn.co/mp3-preview/bcdbb2dd51ac1259e66f506046f4d4b5c2064053
SOVSWHI1313438F157,https://p.scdn.co/mp3-preview/4521fa3f5430a9719842c8c8cfb7e56282b048b1
SOMEZZP13E9A53A0D9,https://p.scdn.co/mp3-preview/d0ca39c7bdc262f99f6cb19239e62691f003f68f
SOWZQVH12AB0180858,https://p.scdn.co/mp3-preview/327f49f069f3e5c98aa795ebb278999b6f9e0431
SOHULNA1315CD42B89,https://p.scdn.co/mp3-preview/f6bbdbf6c9b9ce420cb24974617a51f0b4aa6a76
SOWWDSK1312A8ABD13,https://p.scdn.co/mp3-preview/a2df8729ce8491ffc1159d610861588fa5fa0917
SODMQXO1315CD3FE79,https://p.scdn.co/mp3-preview/47232b9c0e2a9e900611456ef422b6a7525bb369
SONIUIM13134384D94,https://p.scdn.co/mp3-preview/c5e60614c4d37438994a946cca00f71e5116d72b
SOXPFMY1313439006D,https://p.scdn.co/mp3-preview/04e2f23bb3f457edece1f1e54d753dc8e1956e52
SOYTDWE13167712000,https://p.scdn.co/mp3-preview/c3afd8d744c5d00be88b82c1695fec3ac44512f3
SOWZNSC13B15D08007,https://p.scdn.co/mp3-preview/c663607c3ef1c4fd2d3ccbf0176eedfab7027a46
SOEPAIK1316770FABD,https://p.scdn.co/mp3-preview/9f6def7399b9f5fa42e21fb74d878a9fba9531ac
SOONYTB1410ABB9C64,https://p.scdn.co/mp3-preview/041555b0e10ad6bdd9cd19d5b8e3ab96f129141f
SOMNNTL12A8C136A4E,https://p.scdn.co/mp3-preview/2f34a3197d17826726fa7f4aaeced90ac70b3dab
SOQIZKU1312A8AAC61,https://p.scdn.co/mp3-preview/0e0d49de744504b7c4f6a9866099e7bca3abb64b
SOJXFSQ13152A7569E,https://p.scdn.co/mp3-preview/623b58c98efcfc82d86921742f6467ce9412e104
SOEVUIH1315CD4F147,https://p.scdn.co/mp3-preview/f75455d25f6651da2587f2736ce9053e3e8cfd40
SOODELR13665DC59E2,https://p.scdn.co/mp3-preview/d143da5316f7bdedfaab6723b15ebc31b6c6f7cf
SOROIEB1315CD46034,https://p.scdn.co/mp3-preview/13ec9299e26a1f8b7d85ed812a62c61d1627ed82
SOBMXEK12C566961F1,https://p.scdn.co/mp3-preview/5698f13a9a170054f1e12a03220b47b02feac2de
SOLYMTE130516E1FB7,https://p.scdn.co/mp3-preview/fc0c6344450504380660586227c7d65e341fa18d
SOAYSDT12A8C143643,https://p.scdn.co/mp3-preview/f352366ab605126a66dc4c93abb7a9a20ea9e729
SOPXEIA12AF72AB361,https://p.scdn.co/mp3-preview/cd078d83d0751278f89f5c1bd39a405e632e6c94
SOLQLAH146E114E664,https://p.scdn.co/mp3-preview/682ec735f3f02ac693e7ed191f8a6997076ff9b2
SOIBBJK13AA4D59C98,https://p.scdn.co/mp3-preview/3c164f0b1af3c7ffe26585bba25fd4017a535ba6
SORMKVZ13CF1C5947C,https://p.scdn.co/mp3-preview/7128b4f367699dd814f97e288d848587725f87d4
SOBVSXC141215F48C4,https://p.scdn.co/mp3-preview/d19fa86d0e25e66078eb24f26303802168b59bba
SOGVDDJ13665544D24,https://p.scdn.co/mp3-preview/96e300ec29d0e1677b750d0f96abb440104054e8
SOVKOWX1338A5D5200,https://p.scdn.co/mp3-preview/f53e9ce250a0e8c555c12e15bb7ad3bedef412a8
SOTKZWV12A8C1447D8,https://p.scdn.co/mp3-preview/c6c9c213b9a30a7a80678b3383f0fd9841ee53c4
SOCXGFC1313439FCF1,https://p.scdn.co/mp3-preview/921fb2cbb11ea46c28cb69029f5c46f00a4bc498
SOTALTC141CD1EBE7F,https://p.scdn.co/mp3-preview/049fd3b6b8e718d85e637c55407d35108c26a9da
SOZFCMA134EE36BEBD,https://p.scdn.co/mp3-preview/fbcf0a5661158442117c51f940375eaeffbe98bd
SODBNQK13E8136A6D7,https://p.scdn.co/mp3-preview/2d09441adcdca88b2a89428662220bf20cc6b67d
SOLTWRS131C394DF09,https://p.scdn.co/mp3-preview/80699dac56f1a4cd31bc85fcf9056b8c8a7b4c48
SOBATVY13DC011A434,https://p.scdn.co/mp3-preview/dbc14ac8bd8b396ec16b7dae887e147af6034a67
SOBUZIC12A8C137251,https://p.scdn.co/mp3-preview/cc598d5e517dd0e500c113e6e9b72543606f0fa2
SOIQCWS137A3F0103E,https://p.scdn.co/mp3-preview/1f052186eb5b7bb7e3392d4b0c8eb695fde11e4b
SOSJCQY12AB018621E,https://p.scdn.co/mp3-preview/c5beaae6db0db957d4fc2036fcee624d91283283
SOPARNI12A8AE46F0B,https://p.scdn.co/mp3-preview/5b8ab075a981a89f90fe915ea21be50ba186249f
SOANOMZ12B5E4D55CD,https://p.scdn.co/mp3-preview/8ce882a92c583f65dc200b77ff73433c6e4f6f04
SOKQZSD133EB4E5481,https://p.scdn.co/mp3-preview/1c50da7746994cfdeb7508739bcdcda943bea051
SODMRNS12A8C1407E6,https://p.scdn.co/mp3-preview/18c1020b200a148c9c472e33855d23db47967fbe
SOHZWBC1372F4C1915,https://p.scdn.co/mp3-preview/261d7da663e2537de4bc54e7111e7f743b651326
SOBORVA12AB018A850,https://p.scdn.co/mp3-preview/1f968f65ee3ef5b90959e515bd73c04152ee5dfd
SOVRHZG1366F581EF7,https://p.scdn.co/mp3-preview/7c37fca6888bf33f9fe87fc4e92d7f21f3ac2d83
SOERPJT14415C6B70C,https://p.scdn.co/mp3-preview/288660e50989c33e20cff03dc539de575e9d1109
SOWDVRN1371E4623DD,https://p.scdn.co/mp3-preview/30660eddbf88150ba2f37593ded913cc4e9a545d
SOXBOXO1393E715F22,https://p.scdn.co/mp3-preview/f00170721a402ab41ec2c2b7f54b9aaf0af5e916
SOXKRID131343A2D0C,https://p.scdn.co/mp3-preview/ad9a27b3729995d4bbb6412711fdea5f22d990c0
SOJOOMG14522214ED8,https://p.scdn.co/mp3-preview/f73b2593c4944210c48b8c9bb9b3f5bce85f7b6a
SOYDDUY137413D0D33,https://p.scdn.co/mp3-preview/549f3d4962862c2916e5a4f18db46ad2dd06c58d
SOZYJZL1393A48F7FF,https://p.scdn.co/mp3-preview/3a56cfee701aa8f4f221c72fd0cc2160909a5923
SOJRRLJ12A8C132C41,https://p.scdn.co/mp3-preview/5bf1d3bb6e74854655065d042de5549af0e2454e
SOKMTSJ13E36A03BE4,https://p.scdn.co/mp3-preview/2c7964666a579c6e5a4101205b5e64dff3e66a5e
SOAYSGE1450AB9B4AE,https://p.scdn.co/mp3-preview/66a9402a504cbb96d5f507f3c98a808b66bf2651
SODYAFF1315CD43863,https://p.scdn.co/mp3-preview/2c74cf092c3e805c51dea69d0c6eea1fcf2516c6
SOTTYZZ132C0270D41,https://p.scdn.co/mp3-preview/43f4d4f117528d98faef33403b074f19cdc92a14
SOGAAKG1393DCFF2F0,https://p.scdn.co/mp3-preview/df6f8bc05e008f6f07a84dfc7cc999276a0476be
SOIHFWI130516E2706,https://p.scdn.co/mp3-preview/5f7ed2bdf8fa16a7b3e9f0923f2ede947fb78f28
SOBMMMJ1372FB5B20E,https://p.scdn.co/mp3-preview/50643584cd62b87f33ec2823e00b11f29b4aa467
SOMTSDG137D0826B9F,https://p.scdn.co/mp3-preview/8a078fb99283841c89f4d853a7c239a4b228bb59
SOSYMPB1462FE9ADFB,https://p.scdn.co/mp3-preview/4306196803c4dfa550e8b9974f4e4408a8bcf557
SODSPRW12A8C1400C6,https://p.scdn.co/mp3-preview/3ef69dc03d099cfee244827353dc452e347d4fc9
SOBJHID1412398F403,https://p.scdn.co/mp3-preview/490fc729f3f3aa33bd537bb5d6eb0ca0903a6162
SOHCRNU1435A118193,https://p.scdn.co/mp3-preview/a4bde3176b6111d9661793c48c2e199754be3d77
SOUHIZI1474800CAC3,https://p.scdn.co/mp3-preview/08798672be0e9abdb79d7b9a36dce66d44b897d7
SOLPTGA131343A1C6C,https://p.scdn.co/mp3-preview/e50a0517a0db31115a21d916700db5a15fbc1ee5
SOPUQCS1311AFD5149,https://p.scdn.co/mp3-preview/3ce027c8e339fe213605af5f0b63caf8db5f5fa4
SORDXHH1403CE59D4F,https://p.scdn.co/mp3-preview/5e12812415dbf668ad973886e6f588335c816116
SOFDCHY13167716577,https://p.scdn.co/mp3-preview/fa73fdf1832ca48d2cf1aa87b493135213e3623d
SOSYIDI12D0B0CC427,https://p.scdn.co/mp3-preview/3cf9aceded1a0f4d747d4da3f47dcac964f530ca
SOBYMDU1367069839A,https://p.scdn.co/mp3-preview/25aa3737d6b6a375ef5b7098df06d7727cac63f0
SOMATGH12AB01803D2,https://p.scdn.co/mp3-preview/4eff808e93d6507a0a1ed74fd4d2225fcf23814c
SOFATSS12AF72A2D57,https://p.scdn.co/mp3-preview/10f498570d117c944cf267fe8bdce60c354ee880
SODMLMH12AC468CE6A,https://p.scdn.co/mp3-preview/61cbd4f0b4c8c21e9ce3760f687ae81c63c46069
SOCFMNI1312FDFEF87,https://p.scdn.co/mp3-preview/23528dc0e4496c0df4e7776bcb18a70aed13c577
SOBRAKY137351D5A8E,https://p.scdn.co/mp3-preview/caa6ae3bba49f50e0cc4b29faed014fc4a6753a8
SOVGALM133EB86C167,https://p.scdn.co/mp3-preview/6ef9826141286318a743c1711ed87415fcbb4ab1
SOAGGIB12A8C13E15C,https://p.scdn.co/mp3-preview/048194e764e4e7250a66ffc7f36a4c975ba8db5e
SOGEPMF12A81C222F6,https://p.scdn.co/mp3-preview/71904a18b71e4245585590ce82b1d32284f32351
SODJFUL1316771C8A2,https://p.scdn.co/mp3-preview/a9229fbe4eef229126ab79d77f2d688941bd1911
SOBZXOZ13134399DEC,https://p.scdn.co/mp3-preview/0d6a4dea227f08904abd15d7e0b18ce6f85e02a1
SOMPWOP1312A8AAAE1,https://p.scdn.co/mp3-preview/e38536905dcceec40f08c579288b8347ccd62a6f
SOKBCKX133A920D293,https://p.scdn.co/mp3-preview/8334183f73efc55ec520e7243e36259bdb475e9b
SOGIZKP134EE36C325,https://p.scdn.co/mp3-preview/a246410e45af0cb07c5a8be023815b6216b4cf57
SOGIZKP134EE36C325,https://p.scdn.co/mp3-preview/a246410e45af0cb07c5a8be023815b6216b4cf57
SORMVVR133EB4D61CF,https://p.scdn.co/mp3-preview/0d4848f9be2f266194735b105673a3db05c01d10
SODDCMK1338A5D5204,https://p.scdn.co/mp3-preview/43bf32ff7decf1b4cc1a951bf99c26c7cf55b79e
SOTDGMZ1315CD4C14A,https://p.scdn.co/mp3-preview/dff869403c618670755c979035cc223055000177
SOPMPVS134EE36B525,https://p.scdn.co/mp3-preview/8436d717304af4b371cf31d425ae5f9bc169f999
SOTYQKA12AC468A375,https://p.scdn.co/mp3-preview/d7f6f236cbc2118a5c26f48d86a432d0efe9145f
SOHSFBP13105FA4F09,https://p.scdn.co/mp3-preview/4ac0d181b9280f434705787b52ae459beb71fc45
SODMAQZ1311AFDD564,https://p.scdn.co/mp3-preview/056cccfc19b66814d220c310e5d21a81af8ec541
SOJQATK12AB018929B,https://p.scdn.co/mp3-preview/81558a7dead04d44fc36e56159720d04c1526295
SOQDTBO1315CD4A48B,https://p.scdn.co/mp3-preview/b90586f06b81560991d049fee029ffb2c9e698f5
SOUIFSS1315CD4F6D7,https://p.scdn.co/mp3-preview/f9b9bd4f64939ad461fe061b0f5e721b9cb34ccd
SOTZALF12A58A7BBEA,https://p.scdn.co/mp3-preview/a35612b017f091062b4ad2ad139ece7ccc2e9d0f
SOCZWZE1393C497D04,https://p.scdn.co/mp3-preview/c161a36bd61a095c69a3571e9f31ed5c26b7ad96
SOALPWQ13664C7CDD4,https://p.scdn.co/mp3-preview/de09730b00d338348575566617d1ba0bc17e3dc1
SOHGQHU12A8C136F7B,https://p.scdn.co/mp3-preview/a1873c5d0b07b477aa3965dd09412123eb814e5e
SOBCCVW1311AFEC41B,https://p.scdn.co/mp3-preview/dcb9771d63f89d80936e9628e2fdba3f148e80e2
SOERWVQ131634A6CBF,https://p.scdn.co/mp3-preview/d4b49aae32de8adb9354cd50af6ba6776d9f7f1a
SOMNZRU12AB0186265,https://p.scdn.co/mp3-preview/5c9716aef8fe1edb25b7e772b05b2090737b19f8
SONBUGH130516E1F3E,https://p.scdn.co/mp3-preview/a312958d428211e680699b7d905f63bb3c010f34
SOCPJLO1311AFE14B0,https://p.scdn.co/mp3-preview/743f8a41309384484fa7c7977f771c6369d0614f
SOJPFBM132C08092E7,https://p.scdn.co/mp3-preview/e9183a556ddb07e44e5cee623ee6991038157b05
SOTYIHF12A6702020C,https://p.scdn.co/mp3-preview/a225a09800bc29fafd3fe74f202cd8e5c925dd8f
SORZTSW12A8AE47596,https://p.scdn.co/mp3-preview/133e8bc254ef30426152de8033e50ddc1c57efdf
SOBLQZB12A8C13751F,https://p.scdn.co/mp3-preview/f4cb19face65ec89ba42dec933723c6b4c334935
SOMTITY1311AFD8D57,https://p.scdn.co/mp3-preview/0258948c6a9112690b71ed99424e1e5e806d8969
SOJHMQI1375A895E9B,https://p.scdn.co/mp3-preview/61ca851d019a771bfeadd9f010d42364a8c4f301
SOGNWKO1315CD4270E,https://p.scdn.co/mp3-preview/2f65666133f49c298ddc79c5067bca6bf85089f8
SOGMCWE12AC468CA66,https://p.scdn.co/mp3-preview/d2e6314ac720984feda196fcebf3936f4a112604
SOWEWVR1315CD3F738,https://p.scdn.co/mp3-preview/b245630891992d6c379177e1cf8c95ff743df7f8
SOCXTNK12A8C1379EB,https://p.scdn.co/mp3-preview/7083ca5309d52e2a631bf448ea998be53779497d
SOGQVEH142491A9307,https://p.scdn.co/mp3-preview/50cc91bc9a8f50fc93d01678ac80a6b39ff74421
SOYKWDS13EF7E973E4,https://p.scdn.co/mp3-preview/cf7a953fc607b0ca45e0d1167c20159df84d9bd7
SOBFRQS132C061CE3F,https://p.scdn.co/mp3-preview/437d8fc6cf102a006be9d8bf0dd76e0b99c25f59
SOQMAVO131343891B6,https://p.scdn.co/mp3-preview/10cde5a1b7bb442831db1178989826dcb9d24b24
SOEDEAE1338A5EADE0,https://p.scdn.co/mp3-preview/d49b323f5cccb7ea0cf3a6fd005e009ea8af760e
SOBKEFF13723D239EF,https://p.scdn.co/mp3-preview/5b61b312d45e295d32a060a6586fa311a1d1a816
SOBSOPX1316771730E,https://p.scdn.co/mp3-preview/45360ef98d760b1e3ee6fb1c9e349ff855dde878
SOOXVJQ13E8A60D000,https://p.scdn.co/mp3-preview/725131376afa5d95fe555d241accdadb8ab71711
SOFTIDJ12A8C13CC33,https://p.scdn.co/mp3-preview/4838eaaff4f196cdf799ec2f7491b460714681ce
SOXFIBB13942F2C626,https://p.scdn.co/mp3-preview/71a8043582fe0a375eb020f091ef6c6a1cf5bce0
SOVYEMH1373FF9A15F,https://p.scdn.co/mp3-preview/64497d9ab42175b7890eb9c18a7f9a51c29b0e83
SOVOMFR149359B917A,https://p.scdn.co/mp3-preview/371fa86a2190eb3c58afdf59f8d129ac2f97fcb2
SODFHOP12A8AE4873E,https://p.scdn.co/mp3-preview/c5515c136147d0684eabe7f42b61dee0c00db86d
SOVMFCE12A58A7730D,https://p.scdn.co/mp3-preview/5307c77dea41346ba09e283dce9af81be80d94aa
SOWAIXY1315CD41975,https://p.scdn.co/mp3-preview/b1c04841eb922850a9d3a0dac135bdb093f56bf3
SOAOQDI1368918E4A8,https://p.scdn.co/mp3-preview/03231812c47d875cce32005877404349d309032a
SOEYXKN13152A73050,https://p.scdn.co/mp3-preview/5cd9ada042506e7f5322ca49299d5d22cc21d857
SOBLQMZ1311AFEB505,https://p.scdn.co/mp3-preview/e88f2a8dd7d2c7368c88c9db0b882a67e62f4b91
SOISLPJ1313438B873,https://p.scdn.co/mp3-preview/14280fd63d7487adbdbff5a0cae83379e30ad761
SOQRCHX13722469302,https://p.scdn.co/mp3-preview/1cec0653020e276eb1f6835b52314583fc8cface
SODXDXV12A8C131830,https://p.scdn.co/mp3-preview/1279c2c3b3d991fc9579bddce17132c0e17c611e
SOQZJJH1311AFD9066,https://p.scdn.co/mp3-preview/b2c60f0d69d506a6636b3f637626544e3b627481
SOZMACF12A8C13A4B6,https://p.scdn.co/mp3-preview/7b67a5e85455c9c779530743a5b4de2f28bea14d
SOAUKHY1373FF51D5E,https://p.scdn.co/mp3-preview/eca5bf8ab2da576b976d08d540cba7abca8f9f32
SOFUNFM12A81C216EA,https://p.scdn.co/mp3-preview/d01e5286447fbf67caa3489d69bd28261a539377
SOZQXXB1311AFE44CE,https://p.scdn.co/mp3-preview/0a82710256111df92e21fbf586b98079a3c29ace
SONDMGL12A8C14310A,https://p.scdn.co/mp3-preview/2a4a8f85f76872d6a08803d5f2f4a9a44eb6a2ac
SONSOEZ12AB017EC1B,https://p.scdn.co/mp3-preview/ccd75f9c5aab0c136809739fd643ddf79157c575
SOMFFEE12AB01887B9,https://p.scdn.co/mp3-preview/8dcaa25cb45661389754a6c09b36d6573681cfe9
SODZCEZ134EE36A999,https://p.scdn.co/mp3-preview/92546c5f4f89e00524d08f35e7ba761ca499c0ae
SOBMHGV132C02DC2D7,https://p.scdn.co/mp3-preview/79b414296f82171b044718757a7b3ac4497714fe
SOSLRYL13CF1D207A7,https://p.scdn.co/mp3-preview/10530e54b9c200fd921debf99a5895e26ca08ab1
SOAMCSE12A6701C62C,https://p.scdn.co/mp3-preview/3db51bb2d44f589abb11c5c2530d432071b2d354
SOYZAZI137230B6E8D,https://p.scdn.co/mp3-preview/c36b844122fdf8571fdc2d383b10400e231b6c20
SOXEYMB12AC46891AD,https://p.scdn.co/mp3-preview/9316862e941dad4dad88f091f2f127cdc734df00
SODLSBO133A920C046,https://p.scdn.co/mp3-preview/69acc8d12581be9fa43f5e9db7764cc26b76f878
SOAXIHE12AF72A42B6,https://p.scdn.co/mp3-preview/6c097867a54f385738e7db0b55270c140476e13e
SOVNOMH12AAF3B4F52,https://p.scdn.co/mp3-preview/840b12cf18b90cd450911b0c8e038c516dda57ed
SONUJXX13E8B02C03B,https://p.scdn.co/mp3-preview/7285a18707baa8616d0453740db77fb0bf275cc1
SOKESAO12AB0184D25,https://p.scdn.co/mp3-preview/16f1e520c2270adee65dc1cd6e084288cc6eccca
SOOPLTF12A6D4FC7BE,https://p.scdn.co/mp3-preview/d8091183d63c0151cf0dd72e0e791e064e454587
SOTGDCL149449F1E53,https://p.scdn.co/mp3-preview/c28afa1da9fc596fe8de9a1201d799f8428ba5d7
SOZCULE13E9ACB6EC1,https://p.scdn.co/mp3-preview/ab79d3d7c9bc2b1ff6727853ef3ca6be743442ea
SOHUDQZ13DBD9A2DF3,https://p.scdn.co/mp3-preview/af43cf0d869db789f3fcb5d6ceada69059ce7923
SOUDJTN13C67247911,https://p.scdn.co/mp3-preview/7331f766212cb6ab51b8ed9c549fa717c9cfeab4
SOVYZEU12A8C13550B,https://p.scdn.co/mp3-preview/fc751fa8e2c2daa006521b9a94e640b5d404a3f7
SOFDDYC12A6D4FA61F,https://p.scdn.co/mp3-preview/9b4fbf0fc35ca42b1a7acf960e7f9e4697e8f1d5
SOTKHIS141C9B2ACFA,https://p.scdn.co/mp3-preview/76da9a11e2ad6d0fed8d159d80292f4b308fe233
SOXPRRJ1457220639C,https://p.scdn.co/mp3-preview/7bf3eaf6863b6ac9f877f7cdabeffcb10874cca6
SOYCTPV13D11640729,https://p.scdn.co/mp3-preview/a2c0079c9c52e565154f29b52be7af80bf6d9f9f
SOOXTNZ1315CD407B4,https://p.scdn.co/mp3-preview/05852d785754901a8de5ccdbc26de20c1e48ab82
SODUJHS13F67E132A5,https://p.scdn.co/mp3-preview/4b9b6932ce56326d86a098b82d1b056e1a015801
SONPHYK14359E86F60,https://p.scdn.co/mp3-preview/33810e78bb056deb42610de8a9360a6a66ceec7f
SOBSMYP13C1A565B3D,https://p.scdn.co/mp3-preview/76b6e5c0418d01963fbd65d49ed634bbd1e61016
SOJMDCA12A6D4F94F2,https://p.scdn.co/mp3-preview/c5d168bda369e1556163c277599198ed98b49e8b
SOJTXIE12AC4687941,https://p.scdn.co/mp3-preview/6608b175d861546e300c8b18841de9181cdbe16a
SOAYSHM1312FE022AA,https://p.scdn.co/mp3-preview/7eb04bb5733203d5730b2907f2b8c9ab08b80e91
SOOWBRN132C0809310,https://p.scdn.co/mp3-preview/afb815bde39dd690fd00eb5a3b9ad362f4a25db4
SOFNBSC12AB01839AB,https://p.scdn.co/mp3-preview/ff9f9a29256aeef843cdd55177f80c124ec100be
SOEWMZL13B0C7A213D,https://p.scdn.co/mp3-preview/743d711ed6a9b153ccf1e278373fff7cfd1e5f44
SOHWRLK12AB018DF77,https://p.scdn.co/mp3-preview/764d0352dc21d1b729c8690e6be1d773cf76bd56
SOFCJKP130516E06D9,https://p.scdn.co/mp3-preview/457bf008abe4d5589ff5c2ae1d420441960b4d8e
SOQUORW1311AFD5BBB,https://p.scdn.co/mp3-preview/5803ebf286dd7fbf2179343398716bbf427ffbab
SOKDOMD13F61D9F0A2,https://p.scdn.co/mp3-preview/925c7144239ba41df620ea73b561ffd3949080b5
SOEDXVV13F68F211BB,https://p.scdn.co/mp3-preview/89c9fa165f3c73d0b7808a75900e8b842cebb853
SONIKYT12A8C13FA42,https://p.scdn.co/mp3-preview/d8a706ab59c1ce74e63886149a61258557442e7e
SODXDFD13EA2B80A95,https://p.scdn.co/mp3-preview/034361aa8fd0cdbd6f410d92af6e676285dc53e8
SOHETLF131343A230E,https://p.scdn.co/mp3-preview/a9f58678ad89a2ae67db5890731a9b930117e887
SOKTFAQ131343951CB,https://p.scdn.co/mp3-preview/54bfea99eae4e0430429c0a4bcffb1e5d0308b11
SOAAOJX1496AA87F06,https://p.scdn.co/mp3-preview/81c492533a6abe35c9a4f2ab21ae7ec7a2df0302
SOHMRVC148B95A28BB,https://p.scdn.co/mp3-preview/08c0a4702eb231faca66a8dcf2b7e2a74d51c16d
SOMIEVX12E783DFD65,https://p.scdn.co/mp3-preview/397f34e921f605a59d49c3d946ba327f34bd5c09
SOOIVZY1312A8A42DE,https://p.scdn.co/mp3-preview/33fa0b032de4bcbe80fcf31a03a6ef1d3001fd7b
SOSRDUH14066791CAD,https://p.scdn.co/mp3-preview/6742569e7deebb4b42b9b0990b5edb4b552d2e0e
SOFNBJZ12A6D4FB453,https://p.scdn.co/mp3-preview/913b09ace795eea7f050f123e7f5c884c737209d
SOCPQVZ1338A5D5E44,https://p.scdn.co/mp3-preview/c84a0a3590ce5225731d61cb77328e7dc8474e7d
SOOCMSF13134388E3A,https://p.scdn.co/mp3-preview/f65f076830db0cba7dc04946564760a00337775a
SOAFWEP1315CD4EAC2,https://p.scdn.co/mp3-preview/0ef5d91e37c4d672b2893a659ee62cce29e0715d
SOAFKKD13B0C4DC167,https://p.scdn.co/mp3-preview/9096bd899b04c5e79c691f3dab762b32a02985c7
SOESCLM13E8B01D516,https://p.scdn.co/mp3-preview/a1385e3949147668c044d7300a0cc1b552323ca3
SOZCHEE13105FA5A66,https://p.scdn.co/mp3-preview/0c72b04133dc7a148acdaa323a0bdc9d9e7583dd
SOLHNZU1423E63C592,https://p.scdn.co/mp3-preview/b9e9375030a4f6efb6e150e94834c9650d32d203
SOZHMSD12A8C13E124,https://p.scdn.co/mp3-preview/3c8388001d831708e6579811cbe0f01310656958
SOOLYWP13DC1DD6624,https://p.scdn.co/mp3-preview/f6e52e7de81d437c9ad609be19f45f51a80bbe8d
SOYVGCM133EB4DBCA8,https://p.scdn.co/mp3-preview/4197e454035cd10d4cc049ccb4d5add5d106bbac
SOAGBMW13447A33B27,https://p.scdn.co/mp3-preview/8684e8755edd6bc8e5916818f77022f47c1a4571
SOHAUHB12AAF3B4DEF,https://p.scdn.co/mp3-preview/9fd7fc18cc92ce59c1a472cf6ab4533b806a5249
SOBXKEP14441560584,https://p.scdn.co/mp3-preview/ec44ede220e7fa1c4ad77573b3af63350ce4dd78
SOVBUPC13A7D2F09BE,https://p.scdn.co/mp3-preview/e16897bc033cdfc088632918143667913c7501e2
SOFQGWC1315CD4F8CC,https://p.scdn.co/mp3-preview/9b59eead0b8d312bba3280a258a2048bc846e660
SOFHTDB1498EB5D7DD,https://p.scdn.co/mp3-preview/12f807cce55babd800812a8329fc3f004292d59a
SOILWAE1313438E50C,https://p.scdn.co/mp3-preview/fc65767497ce38033fd9d7df472e6cada13095e8
SORBJXH12A8C136E37,https://p.scdn.co/mp3-preview/52e80846a684afecb8b03ed2187b611babacda8e
SOLYUMO1468CCF9794,https://p.scdn.co/mp3-preview/7021f42054dd855aaf7c6219a191f527f31baac1
SOSWSHH1313439FE13,https://p.scdn.co/mp3-preview/d05a1b167fea0ad8869800c7e3682f2b4320da77
SOCWKLA12AF72A5173,https://p.scdn.co/mp3-preview/dcd9e5bab2901f90c751e2b3797830eb62792efb
SOEUGLY1315CD4ABCE,https://p.scdn.co/mp3-preview/c9d319ff4c724dcc4d8e3fec7eaf90b66a837c6a
SOBEROC12AB018592B,https://p.scdn.co/mp3-preview/4a10f4f92abe2bcfd5fae5d77d40cd582392448d
SOBKONC12AB01857A8,https://p.scdn.co/mp3-preview/833c524cf6f5e27c2bf70b8e14270c6f12e8bee0
SOMYKUU12AB018826B,https://p.scdn.co/mp3-preview/a08a9eb45bc29516f39fe3b96fb258d56b7ff813
SOCVCBT13167711810,https://p.scdn.co/mp3-preview/fba0b92ee0fd753f75f6d2be556d652dfecc467c
SOGDKFM14745394455,https://p.scdn.co/mp3-preview/22805eb0d120cd615bdcf0bd5e6defa5743d4016
SOMWPSV12A58A7EEB7,https://p.scdn.co/mp3-preview/21c6f781d3da1f2e0eff8c8028987a22dc7b2f7e
SOMRQRQ12D9F522590,https://p.scdn.co/mp3-preview/22c461fa3670bd1d5db89724a34be05916f0b5d4
SOKFNRZ13E68FE037B,https://p.scdn.co/mp3-preview/2a24d4ae621ba53dd6f4c2deb66c9af4bdec9ba0
SOPHMGP12AB01887C8,https://p.scdn.co/mp3-preview/7196341152b7e20d7c90236def6235ed5147a248
SOQMUPW12A58A78C05,https://p.scdn.co/mp3-preview/79d65c5fee7b8e0f995554b4f2f46cece1bbc70f
SODZCKG1311AFD8272,https://p.scdn.co/mp3-preview/a4d8d2aa680d64da768c60e3962e3785b0dbc8d4
SOUFSHJ12A8151CA2E,https://p.scdn.co/mp3-preview/2c017787f452392ba8aa8e96a4294237563c8b88
SOROIXZ130516E22EF,https://p.scdn.co/mp3-preview/2f62877596eb55d5340357d9ab55da6a7de60831
SOLMTMJ13B0C75CCB5,https://p.scdn.co/mp3-preview/5ea0a37d64743022c3480ed128765df26de373d4
SOLYXWX1312FDFB2B2,https://p.scdn.co/mp3-preview/12b03d3ad27de0f3cda1f789a6b7a637e97fa58e
SOAMKUE131634A6FCE,https://p.scdn.co/mp3-preview/aaba09f210579285e75b04ad8644c6553488d940
SOEIGOY1315CD46DCF,https://p.scdn.co/mp3-preview/8b0f5ad04246006f113da662433552af9b3be074
SOPKWCL134EDB04925,https://p.scdn.co/mp3-preview/b59ba338f219cbacda2732092ed7341ff3875ef5
SOMNXVR133EB869E91,https://p.scdn.co/mp3-preview/279de36801646766606d468bf22a68679c36a01d
SOBOBQB144523AD754,https://p.scdn.co/mp3-preview/2e55687dee803ba7ec7427116250389afde27077
SOQXCAD12A8C1380C4,https://p.scdn.co/mp3-preview/946db9360614976fc6a5044dffc9839f0126e056
SOCICXZ13741396D66,https://p.scdn.co/mp3-preview/6f31c997c0cb19cbe738114eb76fee41f4654036
SOGVBHN13D0B2FED2F,https://p.scdn.co/mp3-preview/1ac74a63b877501be9561ecd8d0b1436f91d7aa0
SOBPEFY13DB79349C9,https://p.scdn.co/mp3-preview/8e4fe9b859e47f7b6df38ce1eccbceab02563e2d
SOYXHXH1393CE9A06B,https://p.scdn.co/mp3-preview/ed70e9c3ee9d25b13172e99f6982656b85dcd642
SOPCVSN131712CFAEC,https://p.scdn.co/mp3-preview/29f4b79df228addf3c955a543ec8fd4ea87af41f
SOMJRZR1315CD4E08D,https://p.scdn.co/mp3-preview/7c73c085935b0457aae0c24e4a70a9be802b6401
SOFUKSV1311AFE33A4,https://p.scdn.co/mp3-preview/d2a975436662a1c4e425ee9c9e0a4eadb668908d
SOFLQEE13661B53A1C,https://p.scdn.co/mp3-preview/b818c86e50456c9dcf6c1fedac4d59bd202f7685
SOEIKJK1425885F4F1,https://p.scdn.co/mp3-preview/8a0c01ba34da63c095d54c15a8e11bde475f4131
SOHMBDZ13E32B9C58F,https://p.scdn.co/mp3-preview/bf7bb34e4d278eb0e53c7bf5de2637dc598a0225
SOMZTNY12AB018100A,https://p.scdn.co/mp3-preview/eb95526e593054289baacdeffe162564ea313f03
SOOPKVP12A6D4FB64B,https://p.scdn.co/mp3-preview/0e9832018ca04b7773e86073cb68a0e1cc8eb845
SOANZBV1393B084C65,https://p.scdn.co/mp3-preview/80f95a9e2ed4c92152b25c663715236a452989ab
SOIDXKX12AF72AB9A8,https://p.scdn.co/mp3-preview/d3f01fcbf4efffcf8731e8c84eaee4e627b69f8e
SOITZUZ133EB4D41F9,https://p.scdn.co/mp3-preview/d1e58a62c7816d902369d117832683519069a864
SOEBOPW1313438AEFA,https://p.scdn.co/mp3-preview/43d48959e4eb3997cb44db5a41850bd3c335e4de
SOCKZEM13C1C5FBCFC,https://p.scdn.co/mp3-preview/7eb55e985b2d1ef17c7ab74658c849114c061d34
SODTDZW1338A5E6587,https://p.scdn.co/mp3-preview/7980af8831e33169ea870fc12ba2d7a415b03715
SOGTSSV13E32BBAF38,https://p.scdn.co/mp3-preview/67f3b4baca85e7a6fb13b69788d205f149fd1cb5
SOHMPBP136EE006C45,https://p.scdn.co/mp3-preview/7c414f1978cea136f2181a1cda2ce9650a8853f3
SOCDEXU1288D3EEBE2,https://p.scdn.co/mp3-preview/5a3e47101f0ebfae9853161aef5772d1d23e25b3
SOHECRL137311C6F69,https://p.scdn.co/mp3-preview/5d54447482b4bcf3ead9313189dc2c13de481dda
SOAGPWC1460B202F9F,https://p.scdn.co/mp3-preview/99f44e027cead4d6699a61f9fbb258cd4f873918
SOBGVCE144B779C9A7,https://p.scdn.co/mp3-preview/d1b34bd76c5db5951026a4fa0f48276eb8376fa8
SOAWASY12A8AE49205,https://p.scdn.co/mp3-preview/f168a880b40aace4dec07b9bc46b00aca4ee2d74
SOCIZIV1311AFE9A82,https://p.scdn.co/mp3-preview/2954d49dd78ab89040c1c7bdf34dceeab6034ad7
SOYPLGW14121576DD4,https://p.scdn.co/mp3-preview/34b021fa529b1ac5fd7fff1f660522bb373fd01f
SOKEGSJ143DBBC852D,https://p.scdn.co/mp3-preview/6fa72889a85397f3396bc248922cfda6c0797d30
SOGGFTS12A8C13C9EF,https://p.scdn.co/mp3-preview/ea8ca5073fc7c270324806904991d9e189082480
SOMZGXU12A8AE4662A,https://p.scdn.co/mp3-preview/290c73fc5731d740629bc1b868c2fca7839089f0
SOATBMU13167717AF2,https://p.scdn.co/mp3-preview/ac990075c4956ee85e1471ee2d8130674902c057
SOWAQCU12A8C13381C,https://p.scdn.co/mp3-preview/5dedc8ad75490fb8ffd0653ece2832ce0dd01193
SOQAPPL13B0CC22B6B,https://p.scdn.co/mp3-preview/7b1821ca607b1e84c5a8414c7b32d5c3716c2d29
SOFQVTQ1311AFDF4FA,https://p.scdn.co/mp3-preview/a70ca99f9154fb7500b458fced4ea1dac6ec295a
SOBSZFD13FA4698C6F,https://p.scdn.co/mp3-preview/ce8056aa0001313c900844980db7dc1d6cd7d544
SOLTMQZ133EB877185,https://p.scdn.co/mp3-preview/a0f83f37a9834b12c602009dc8adf3169956881e
SOASAAF1312A8A4C26,https://p.scdn.co/mp3-preview/3ba205b39ad7951304df6174385984949a19cafa
SOZJPAE13E98D2D335,https://p.scdn.co/mp3-preview/1dd966da06638e24443bcbfd81f70c3772a56d27
SOMWGWL13939144EE8,https://p.scdn.co/mp3-preview/a0d35e14f8b97e6a9f4e942ced9fef4160b0737d
SOEPRAY13E991555B8,https://p.scdn.co/mp3-preview/97f7287b872604c273e843de20601c3ebebb22a6
SOZGATX1372FBBE559,https://p.scdn.co/mp3-preview/d6d89a27c5e8d90e73a9b36d9dad13a4ea212573
SOOBQDW137572BD69B,https://p.scdn.co/mp3-preview/fd61a45748a6e68fb842e51e1bce7b41f521aabb
SOEGEGG13939008FDD,https://p.scdn.co/mp3-preview/d9b388c5138d0df6e67179ba6a45f0128ba1cd56
SOQPGNQ13167715128,https://p.scdn.co/mp3-preview/9d175ebe87b6f6941800d93cad90cfdb133c1abf
SOSLCHH1406ABF4D07,https://p.scdn.co/mp3-preview/0f47134f0feb8343d96f8174b7046ce92fa86fee
SOXQCYE1486F8C9F52,https://p.scdn.co/mp3-preview/ad2348db080d1a76a9f462c4f83514e233342d63
SOVBNCY142D34E29EB,https://p.scdn.co/mp3-preview/eba846cc7e34d1b0657b244b9610edfbd7eaf1eb
SOOFFZL144DFDACE9C,https://p.scdn.co/mp3-preview/ae3a92f54adcd4399b91a41c36ccfab1101c2c9e
SOBEBJJ131343A1653,https://p.scdn.co/mp3-preview/952b14d37431d5d0b2047a319eecae255c81b68b
SOOAVFQ12AB0184D37,https://p.scdn.co/mp3-preview/7ea60fc70b8577c0f8943fac7d3de7444b9ddddb
SOLUWFZ1311AFE0BB4,https://p.scdn.co/mp3-preview/ab5be48d9129c4fc09760378f33c55b9768eb076
SOANBJF144C7258218,https://p.scdn.co/mp3-preview/98e7cc580bfb9b2e084d8123b0822242628e1a88
SOCJSBA13270C6943C,https://p.scdn.co/mp3-preview/795f8d00722199fe3921798856ae8ee1feb98db8
SOJLDQZ1376EFEB7FB,https://p.scdn.co/mp3-preview/72809a26d1f28adea20d7eb2f4510e8160bc264d
SOBZJON131677143F1,https://p.scdn.co/mp3-preview/ce7be730ce86c9093539cdefa4649bcf666ceedc
SOACCZU131343A4DBA,https://p.scdn.co/mp3-preview/df7a0df40ece09f3f71723fdbe8c4c8c8d6dd26f
SOJVXBV135FEEF7D38,https://p.scdn.co/mp3-preview/32c1f55dee1c7058caebb60f58fdd2840b6387fa
SOLBOAP13939F6D813,https://p.scdn.co/mp3-preview/50060e8ede5092ef850715c7fb0a568f0b01e220
SOLWAHP14620C42E88,https://p.scdn.co/mp3-preview/a28dc1881c6210450a64343d6586c596131f4e63
SOODPSW1313439B0D3,https://p.scdn.co/mp3-preview/16a47c67cb9b1a082035808c4ea81f56a89af0dd
SOLMURA133EB86C734,https://p.scdn.co/mp3-preview/90bd6115150b6d4ae73ca6377d87b3ddf60a78bd
SOAYNOJ131343A17B6,https://p.scdn.co/mp3-preview/cdb5db3706d4237035abd9b67ba19d4506a30437
SOFUTBB12A6D4F93EF,https://p.scdn.co/mp3-preview/4b98ffbd540389dbdc3e08622a4c9e18db8326a8
SOMUGWT12A8C1354E3,https://p.scdn.co/mp3-preview/d6acd6269b0ca3162ec2d4dce126ff17df5bbd35
SOPGRQR133EB876DBC,https://p.scdn.co/mp3-preview/25b0a8f3d790ac80c365e981c6e03f69a771e14a
SOBAQEM133A921ABAC,https://p.scdn.co/mp3-preview/22c419185f28e43e85fdf03f88c27246a0ec712c
SOAJZZQ1373B80CC3F,https://p.scdn.co/mp3-preview/45185dfb0e42b2c167aa6ab601ad9c7cd39bb8ca
SOFOABY13D0A628A84,https://p.scdn.co/mp3-preview/afa43a0e3114973137d4e4d68b0fdaf4f55b41ad
SOBGILK136A6839022,https://p.scdn.co/mp3-preview/a8c00f7d70dcc4074545624a95d953bda3294390
SOCSFZP143868BBCC4,https://p.scdn.co/mp3-preview/6f5e8d84e7f0313aeebac8cae69d9dd2d5410182
SOAQNRH1460356AE01,https://p.scdn.co/mp3-preview/5a7345c7030f0f72c1bb1e4b544cb18f39ea7c6a
SOCQKUS12A8C1387B3,https://p.scdn.co/mp3-preview/ef3aa784adf500bac5c326428f18e95ef2dabb67
SOLKNDG145FBFCE6A8,https://p.scdn.co/mp3-preview/e24817f8fe782578a10b14010615083127f9addb
SOAISPJ13939F3BED5,https://p.scdn.co/mp3-preview/fd3e34a412dae30516a5d26c06b92188d65b187f
SOBOIUA12A6701F241,https://p.scdn.co/mp3-preview/2fc0734ed48e88e7443c589a7e560b207f040bfe
SOWRYYP142C33BE156,https://p.scdn.co/mp3-preview/ca22be06520d5b4ea1989ae2f8cdd7330132b22f
SOGASIK1461661FCAC,https://p.scdn.co/mp3-preview/d94787daf8ac84e2455140d91936267f13ebb005
SOOMAMY147CD4D6218,https://p.scdn.co/mp3-preview/1bbbf36b761297968df41fbd4349e340bc84c4ba
SOEYXKR1312A8A9E70,https://p.scdn.co/mp3-preview/54b54e9b691e6ff42f7c99762b99a2197488a621
SOCPPPH1315CD468F0,https://p.scdn.co/mp3-preview/ee35f58d68cc8f2b4c46c4117400155273a590f6
SOHRWCF12AB01803CC,https://p.scdn.co/mp3-preview/f5e5bc48742315089a6980bb2ef5d93cc7dd26ae
SOFMIEG12AF729D48A,https://p.scdn.co/mp3-preview/e6e135087340a339450483fc2b8be53abe4092e0
SOOWTVF1312A8AC524,https://p.scdn.co/mp3-preview/32b70d65d9cefa857f45d0a957672816364c7f79
SOGNLKU12AB0188423,https://p.scdn.co/mp3-preview/ae60fe60612c2e358ea9c365224b663c0cd3876e
SOZOIDQ13DB7F589EB,https://p.scdn.co/mp3-preview/dd6f6c05ba351adc5379065c082e96594e08d26c
SOXGAES12A6D4FA3BB,https://p.scdn.co/mp3-preview/886af49fdef8a768469bed882def273c21821ab4
SOKAGXP13152A73031,https://p.scdn.co/mp3-preview/fa54e51ddbe58729001fb5877cf1c896a8e431ac
SOFLVUE14989E95C9C,https://p.scdn.co/mp3-preview/c5afa0082e738f6bd532af53f472e8e271b71be9
SOASLLY1377775DCC3,https://p.scdn.co/mp3-preview/5f94bf320f2825b9a0bb166f5663e45223bed380
SOMOVOR1393D0B5576,https://p.scdn.co/mp3-preview/e2b76ea3fe3cb53409009410c76f087c2d881cde
SOSERSS131F77DD260,https://p.scdn.co/mp3-preview/7b4a4b238644fda87e8d717211bad27f20b18557
SOCRSSZ1312A8AB1C9,https://p.scdn.co/mp3-preview/4bab7c149e0663ae180ab168c9de91492221e787
SOHWRNV1373FF6D956,https://p.scdn.co/mp3-preview/7c3f51f9448882284e52e8c56cb7af72c12c3cef
SOLYDOZ1312A8A5E8B,https://p.scdn.co/mp3-preview/fd4bdd62eaf2f7f0b79cfa6c0135dad4d373ace7
SOSNUTD1421D359003,https://p.scdn.co/mp3-preview/c9de90043e099fb9ccb679c50127ff0be0bc86dd
SOCNTAF12A58A7CB65,https://p.scdn.co/mp3-preview/d328738809a29c737334b388729578e6a9b89081
SOUHTTK13AC3C25E4F,https://p.scdn.co/mp3-preview/6300b3fd11f7016acbeceb7116ff735d67838f07
SOKRRDU1311AFD8827,https://p.scdn.co/mp3-preview/a023b0d5741786a77073a2ceb423eec7edff228a
SOIIRXT131677141DC,https://p.scdn.co/mp3-preview/4c9538c6bf5092066c69e87211b88afba5d96f33
SOVDUQD1315CD41046,https://p.scdn.co/mp3-preview/6c5c7d74389fec06012f24ce63f2681f9f434fc4
SOQTBCQ13EA6CA9BD6,https://p.scdn.co/mp3-preview/e696dbec664f5562499b00132914aed085d7922a
SOILMNT140265C894D,https://p.scdn.co/mp3-preview/fba61e9b8efa8ed90d649491743a050ff53aec12
SOHFLQT1462B0D78B9,https://p.scdn.co/mp3-preview/2a629d6ff49646e5226775b8e113208bad0fa6dd
SOLOSCZ14066796CF2,https://p.scdn.co/mp3-preview/249ceb7c311fb40c0236f88422c5a7ba1e787e61
SOKNEBK1373FF56AF6,https://p.scdn.co/mp3-preview/13b78c3b73790e9d484c4e58bd12a1b687e4defa
SOXVSWK1338A5E65A3,https://p.scdn.co/mp3-preview/3b9f06924cffa9d2a50b718eb9f85e1121e46d85
SOWBXTK136AD682474,https://p.scdn.co/mp3-preview/9e0b0586f0024deffbd4334c5d3a3eb79459c645
SOGYGHV1311AFE0572,https://p.scdn.co/mp3-preview/dbb7f7dfa440dfa1a5c4d60340ad9d502546b8f5
SOGQTZZ136755F1BAF,https://p.scdn.co/mp3-preview/f71f126b06884c95c4b01daa57adaca56516d41f
SOFCZJK135759538C4,https://p.scdn.co/mp3-preview/b47f6bfd64a572ae7bab0b8a36627300aaf1a977
SONIHTR12A8C13BBD8,https://p.scdn.co/mp3-preview/2c069bfaa85c07832d7199bf8a385c58c147a2d3
SOCRFCM1312A8AC6D0,https://p.scdn.co/mp3-preview/12149e1cb0deca22313de848b5a6b4bf9119ebb1
SOJNPBQ1430CC846D9,https://p.scdn.co/mp3-preview/a8d77cf37ad031516cea2ddf04c51090f08690be
SOCUPYR1315CD4D16A,https://p.scdn.co/mp3-preview/4142e2b05051df27469d69801845d6d88e31c192
SONDDHL131343A0AF2,https://p.scdn.co/mp3-preview/3d13d1ea8690aaa775759a540f347786f5a226ad
SODLDKD12A6D4F89C2,https://p.scdn.co/mp3-preview/954be637f8878c4cddc6fc3614ca8920dde8211e
SOZEMTE13F6B8A59A8,https://p.scdn.co/mp3-preview/5cf89dc1c55933081e4756e452cd6ee7905d4cd8
SOTRSQU1313438610A,https://p.scdn.co/mp3-preview/a218fb06630e40266dade4584295a8ba358d243d
SODQQFH1366556CFD2,https://p.scdn.co/mp3-preview/b6dc890e008127d4eaecd68483a0f9298624868e
SOULHCG13E6CD3806E,https://p.scdn.co/mp3-preview/5f112b21718d7947341c4e72694c8b69b676c2e9
SOSFPJA1409F1BB97C,https://p.scdn.co/mp3-preview/ab291f12f6218af373e1233eaaf63e8db026c87f
SODIWDN1311AFD4BFD,https://p.scdn.co/mp3-preview/5822d7883ca288f66426092e09b49ed934747e88
SOUOAIM12AB01835F9,https://p.scdn.co/mp3-preview/70269fd5f49e7c2dbd43d0be18b712fdc0c81e11
SOJRCQI1313439D809,https://p.scdn.co/mp3-preview/8fbefb267c2cb00704f610b5f778402c8b5fd9b2
SOCIAZI1360B3F7D3D,https://p.scdn.co/mp3-preview/e2de936ce79fea41f3fe82f11eb5bc0c879ea8fd
SOERFAD143994FCD03,https://p.scdn.co/mp3-preview/e6cd79215e980b0ea9c39a22d6fc02beddd21dc4
SORWKEH130516E23E2,https://p.scdn.co/mp3-preview/5e85a7df7a3c43e2897a2d827ca5648aeb01b4b8
SOQRLQN13E6779BAC6,https://p.scdn.co/mp3-preview/d254d5ecd3cfa9343200d532d648acb0b9d8036b
SOLVZAC13DC023CDBF,https://p.scdn.co/mp3-preview/3fa0eaa2c044c15f51e1b52703f3ade43aa3e906
SOHGTIN12A6D4FA039,https://p.scdn.co/mp3-preview/7e812c47c3a19f80a290935ecb0355a0785d563b
SOBKFBA136A3BB16D3,https://p.scdn.co/mp3-preview/61d30c9404bba78add579ac59caa465336b5ed4e
SONQPGM1312FDFE8A2,https://p.scdn.co/mp3-preview/a651138798447f7fdcdc203bbbc5c8b33ed1c578
SOXPTQY14747F636CF,https://p.scdn.co/mp3-preview/76d48704d9dbcf943f65a7a1904effe6799d2ac7
SOHDDXU1340BBA0E78,https://p.scdn.co/mp3-preview/ef85bdd738a532161fdf607ca716de63b6198895
SOWGYDV12A8C13E15F,https://p.scdn.co/mp3-preview/268f7dfe30b0adeb5f366a8a32610ef2fd319502
SOVIOCW13105FA58A2,https://p.scdn.co/mp3-preview/7f15aad461c85f740af5c9e5d39dbef08d098b37
SOLEQSC1307A7E7E74,https://p.scdn.co/mp3-preview/25ae0813a0cd9feb8781a31686c9d4d63c6f71d7
SOHIZTZ1373BE952FA,https://p.scdn.co/mp3-preview/252c4c123bec7bdfb9ec8ebdfcb894cb14bacab6
SOXISUP142D1AEC9F9,https://p.scdn.co/mp3-preview/389d986476baea0b33aaa75ddcdd6a32a9ced592
SOEQRXV1311AFE107D,https://p.scdn.co/mp3-preview/eb1b30cb4d3f808b25c12fbaa6d5cafcb5cc662a
SOEJDAU1311AFE4BD7,https://p.scdn.co/mp3-preview/bb47f79ec05a12e0dc0788d67606fc42f4e06dd2
SOOOIQJ13129A90178,https://p.scdn.co/mp3-preview/77b4717a117afe1ae093dbfec377c867f22dd7ad
SOEENPK130516E06E0,https://p.scdn.co/mp3-preview/630fb89a53021b5618c59b7a5c91a4cf0985deb4
SOIWFYG1315CD4A452,https://p.scdn.co/mp3-preview/8c27909340f5a99876ac21fca999e3c64591cf34
SOLNGEQ13DC3805365,https://p.scdn.co/mp3-preview/0bf8760f0814c08ebf89bd38e7e1639b69b2199a
SOFKTUX12A6D4F9956,https://p.scdn.co/mp3-preview/dd74cd04f77f4ba57f4953fd87e2887c5b534d9c
SOSWCWI13D0AEC7594,https://p.scdn.co/mp3-preview/3cc7b60f91df77ad46abaf08d496c8ff217b188d
SOHIWXJ13134387C84,https://p.scdn.co/mp3-preview/c54f0bb0586451dbdfad03b01fade06a731b799e
SOKWXHE13167716A87,https://p.scdn.co/mp3-preview/f31a2f4f919601d54516d28f9abf7707bd48c4c0
SOAHXWR12A67AE225D,https://p.scdn.co/mp3-preview/3610554e71f5adec8c919c82fdd52cdcec17c190
SONVVCJ13741609608,https://p.scdn.co/mp3-preview/42fdad621fa486e71097c2fb8883f7bbf4ea18c2
SOYECRZ137301B228B,https://p.scdn.co/mp3-preview/ce54156dbde5abbbb29d2baf98f2657c88d62aa3
SOPIDAR1315CD451F7,https://p.scdn.co/mp3-preview/0c2df5f14957f4e2ed67634edac49066bf491dba
SOEGVIX12A58A77CF5,https://p.scdn.co/mp3-preview/cb62b714e3971d1b25dc2f735a3d92f46d400b7c
SORQBFL131343956D5,https://p.scdn.co/mp3-preview/48dcf0cc1e61d61c9c581437e00371e0e0517750
SOIIPGR13134395283,https://p.scdn.co/mp3-preview/b622f547e2feacadbfdd98df32e8206cd72d2c37
SOBLPKV1315CD404F0,https://p.scdn.co/mp3-preview/efafc352c1046050f8f3e065b606ecc06fb56a53
SOMUGYY12AB017F6D9,https://p.scdn.co/mp3-preview/7fd25770745ddfda41fc189611e967dfa288ae15
SOEGBXU137537D9F9B,https://p.scdn.co/mp3-preview/87507301fd3fc9911b495d8e5e183cc5f578d100
SONEQRN12A8C13D314,https://p.scdn.co/mp3-preview/f3071b472816474a06dd86c519ab3daac3aeba83
SOZTZLH13B1FAC6802,https://p.scdn.co/mp3-preview/248061639eaec54a1a0ca42b47e247375965b6fd
SODZGAA135C2211665,https://p.scdn.co/mp3-preview/7f45b1f948947495702cd8585a48f14edb6699bb
SOKPAQO142B351E610,https://p.scdn.co/mp3-preview/18c0b1619c7233c6f62dd65adc7a1968c30bb736
SOXKWCC133A9214BE8,https://p.scdn.co/mp3-preview/dc4846dfb19b72ce5781c36a1b6efb13dda66928
SONRIXR12A8C140AB7,https://p.scdn.co/mp3-preview/c51bce5fcbf198fc87e640fe4d97df77eb9b656e
SODZXPP12AB018762D,https://p.scdn.co/mp3-preview/0be04fc49a1fc7a5bdb9801dc5841333f7296189
SOKFJQN13134397D09,https://p.scdn.co/mp3-preview/9b85849caf7b5fbc81c7f4bc7975d9842a3a7846
SOJVXPK131343A1163,https://p.scdn.co/mp3-preview/e954ae750aca1826cc5c0d15fecb8dfe6e46672b
SOQKXRZ12A6D4F788A,https://p.scdn.co/mp3-preview/a13cb87a2155f6482785cb2e1aae98ef342255d3
SOLSTIX13EACB80FD2,https://p.scdn.co/mp3-preview/9c8c419c190ca40ea721b65875ab78966ce7e6e2
SOHAIQT12A8C13363A,https://p.scdn.co/mp3-preview/3e48567d4a28b470daaebba363f1a1bcc6e18440
SOIWDUT13B148F312B,https://p.scdn.co/mp3-preview/8e42f1c04b664f38953a31a4554562536d259f55
SOBGVJM137599F0C2B,https://p.scdn.co/mp3-preview/ae629692cedda8d4c3cb877f88250613477137fd
SOWYRNX12A8C140A4D,https://p.scdn.co/mp3-preview/afccffd5de4debcc980c4e7f91014d73154d8ad4
SOLXMMJ13134387882,https://p.scdn.co/mp3-preview/7636800380175b61d0f4aabcab4de39da9e62048
SOJHLJJ13167714D74,https://p.scdn.co/mp3-preview/d2d2f6e54c6c619d13ee85ae5ee7877c2f8c5d96
SOJKTVD1374070C541,https://p.scdn.co/mp3-preview/3f1ebe096be93f5301b59a2a4abf838b129db4fe
SORJIGB13DB7B9ED27,https://p.scdn.co/mp3-preview/db258d49fcf7e8a5acdb157908d7e6ec0dd7894e
SOMLDVQ1487080D734,https://p.scdn.co/mp3-preview/13fa7f35b7cb17f55153973c453a8f4e67f259e3
SORSBKF136B8BEAEFB,https://p.scdn.co/mp3-preview/416f97863b9e19b836b661eb18c470dae14cdf05
SOCYBXS1315CD41DB5,https://p.scdn.co/mp3-preview/f532d88d0e966826cb5512089d1d428b2877ed35
SOUAGEG13DC33D4181,https://p.scdn.co/mp3-preview/9b7611c5e4c4f0251cfcdfb0db9e9c3993f3315e
SOUILJW137578EF6FD,https://p.scdn.co/mp3-preview/7061d51a5e1fa363e77c7c0a49f62b754e75c510
SOGNCJQ13D115C93D9,https://p.scdn.co/mp3-preview/a8c213cc7d486a6269b902f45c0b83e61b650e7b
SOCPFMB1431466D6DD,https://p.scdn.co/mp3-preview/bd1110faa38f14219cd40673aade588058932342
SOFLHEM1374082D160,https://p.scdn.co/mp3-preview/3a8948d844e337096118fdb46ca4eb62a43073a1
SOFFBPP12AF729F279,https://p.scdn.co/mp3-preview/c387d80ac1f0ae62ed094f496381cebc4fc2005d
SOEALNK13134393D4F,https://p.scdn.co/mp3-preview/95c542679d00f1574dea8d1c3a5a40fd93515afc
SOGMQAE12A8C133A78,https://p.scdn.co/mp3-preview/95c212f908fac92acd14414f2b11fe5b93c3a01a
SOAUTRI1315CD4557A,https://p.scdn.co/mp3-preview/ed6fc78238e51871862710eb90a413d9ab397c23
SOHTOQX12A8C1453A3,https://p.scdn.co/mp3-preview/0e9b552dbcca52392e2500f6e42692ba456bbb10
SOYWIHA1312FDFFAB1,https://p.scdn.co/mp3-preview/052a451093f3c47e907512bb1d01c2d59ae8de0e
SOUGRUF13B46CD8A8E,https://p.scdn.co/mp3-preview/d5b4ed77a3d25f5328ae6256021b75b0c31ea555
SOBTSRC1402638CBB0,https://p.scdn.co/mp3-preview/3bcf83bd6eecbac0f794ef03b1996ae937957214
SODOBRH1311AFD4E42,https://p.scdn.co/mp3-preview/8188cf9f266e14084a51ca08a6b320062bb54b44
SOESVBO140308FFE77,https://p.scdn.co/mp3-preview/fa2c4eba33f87d9dc306dd513374e9d9af65935e
SOBPZYY14046BAC36C,https://p.scdn.co/mp3-preview/5c46ff79be8d8d7204a3bd41ce591fd546c0c196
SOKILUU1311AFE9BDD,https://p.scdn.co/mp3-preview/621f7370330aec7b65988c776542351857138f84
SOMJHIR1460BB5D6DD,https://p.scdn.co/mp3-preview/949b7ef6586560b5e414c1db163583b33d6df824
SOBLAYM12A58A78AB7,https://p.scdn.co/mp3-preview/265aae02a44796c4dbe995d9a29f32d46e19b66d
SOOQOYB1313438A591,https://p.scdn.co/mp3-preview/e0214c995a293ed3a54e7ceb3e7816506e6ec302
SOPEQOH12AB0187CC4,https://p.scdn.co/mp3-preview/9fe783569d77dd3f9714704917a97f70e881fff1
SOBRXWP144B098BECB,https://p.scdn.co/mp3-preview/347090b63511cf765dcad3c3c1e4768277f77290
SOEPTLF1366CC729F7,https://p.scdn.co/mp3-preview/4244f70bbc891a26aca21fccb0cc2e9dee5ffce0
SOCLATX1316771E8B8,https://p.scdn.co/mp3-preview/954dbc1ef38110eb86fb6931de9fc9f199319e7c
SOCAEAE141A17DD5C2,https://p.scdn.co/mp3-preview/242062be7f1cf10f91e6032942a91f2b853461f3
SOTRQOR13F4A1FAD7E,https://p.scdn.co/mp3-preview/1bb83ff75a45e979c1f813a32ed6d971cf53c80f
SOPZSDL13F44D45FEB,https://p.scdn.co/mp3-preview/c000351d9e73da598a2905de91594b8247e5c59f
SONXRQA1311AFE5E80,https://p.scdn.co/mp3-preview/cebf82600f36661c01857d06713943d8d0ea4666
SOSCBXX13729A9FEFA,https://p.scdn.co/mp3-preview/3fa4caed26e0256188c7bc549ae577a38fdda26c
SOSEOXP1311AFD6D3B,https://p.scdn.co/mp3-preview/95f77b9799c7db0b856f85b88a3f0eafc319f8de
SOGGCSL12AF72A875F,https://p.scdn.co/mp3-preview/b9e0f3f37c006b731a172e06264a79e9bd94405a
SOXQGPZ13E989D958B,https://p.scdn.co/mp3-preview/5b7f2733dfc6d5618f4554512cd10c4af3b58d03
SOWMCIN1377427CCCD,https://p.scdn.co/mp3-preview/69bd7403f63cd2ddc76ae4187eff7b626b32df6c
SOGNJPM1498C82BE0A,https://p.scdn.co/mp3-preview/6728c5e9d9cd595656f37a9f36a205197ec90492
SORVAKE1311AFE32F6,https://p.scdn.co/mp3-preview/3d7786f350d7310844440cbe3abafbf02e53c9e6
SOVFDZZ1313439193A,https://p.scdn.co/mp3-preview/82bf127c80d70b6cfa1c01fefc6618971d0354b4
SOBCSRJ12AB0184B92,https://p.scdn.co/mp3-preview/b184777027064c4fb842be1d4646edf3d56d4e3a
SOLXUNI13DC1D55FAB,https://p.scdn.co/mp3-preview/15f5546260c66aaf796ed7b5343b9a2106550eb8
SOCTRTY13720D08F93,https://p.scdn.co/mp3-preview/6eac5eb23c627606a3a29f262bc0ebe14d41bd09
SOHQOGB146ED744FD1,https://p.scdn.co/mp3-preview/ba9a4c134f822b74d18196cd766cfb3df4578b0c
SOALRJG1315CD49690,https://p.scdn.co/mp3-preview/a684039d2c5478ecde2580af102222af19ff9caa
SOADKHY1338A600D5E,https://p.scdn.co/mp3-preview/a7934dd6226c4ab0cdb07eca93abc3e5e42c66e8
SOEUVSM12A6D4F95ED,https://p.scdn.co/mp3-preview/b700f3b6977e07528327501777c2475e379a3449
SOXZEHS13443423F95,https://p.scdn.co/mp3-preview/7041ce5f50efd1bea3efab4e1e5b6844b1b8acbc
SOKVJGA1408A437C59,https://p.scdn.co/mp3-preview/00e66d2ebb5aeae1f2d4f3b79ec78dc029e5c96b
SOHDYDO13EBDCB6EDF,https://p.scdn.co/mp3-preview/010d6db9eb231c99363658b1dfa4de07b13d3254
SOAHIMA130516DEE92,https://p.scdn.co/mp3-preview/0d0bea5f52d1f6f3cbce8f0e7c55d9112063e6fc
SOEZPLR13D1133B0FB,https://p.scdn.co/mp3-preview/c0bc95aa9056acc55c63013b57e899a7cdbde3e1
SOOYIED1377B37275F,https://p.scdn.co/mp3-preview/86f38f2b599bd56c922f4913f0185e72347a5d39
SOHQKDJ13942F2C835,https://p.scdn.co/mp3-preview/e548a8a5651bc5c21a10910652aab013cefa0127
SOQSJDR146122E0BE6,https://p.scdn.co/mp3-preview/dddf4ad04553bf4ac706bfde507f004e1545748d
SOOCJCV12A8C1393F4,https://p.scdn.co/mp3-preview/21283b8ede8bf9067b2e0c448e8343732ef53184
SOMPMVT12A8C141702,https://p.scdn.co/mp3-preview/96c06282278dd561aa603e75ed87db6a5f379989
SOIFAXB12AF72A4907,https://p.scdn.co/mp3-preview/79bbe47ef0d585a288e4e27b99016c81b500805b
SONNAQQ1312FDFA8B8,https://p.scdn.co/mp3-preview/6efb89118aeef4f9efedd1dc0559d1234255aaad
SOIZSTM13167713C1D,https://p.scdn.co/mp3-preview/d2d6da4fa169a2d7a78bc8e9c3b9e7b93ef00832
SODQVDD1463A80F908,https://p.scdn.co/mp3-preview/d954d025b82ca5de196e4538cc57fbafeea7f61e
SORUWVU13EA010629B,https://p.scdn.co/mp3-preview/cf50ab17502b8b69fbb2652c577e3553afe4b6ff
SOIFCTT12AB0183142,https://p.scdn.co/mp3-preview/c3edc44c6dde1216591ef1e05aa6b8939c150fb9
SONRCRU13EF7B409BC,https://p.scdn.co/mp3-preview/fa37d6aa4f30cfe5b513049acd180a209103cd75
SOHNIQU1468CC1C1A5,https://p.scdn.co/mp3-preview/e0bac3306b24ad40573bb84acce5334bc7a2926c
SOFVOGG13D9C17DB70,https://p.scdn.co/mp3-preview/17d67c708f48876da63a965460173b5197fad96d
SOASTVG1375AE5E7E2,https://p.scdn.co/mp3-preview/c5ba57320860ed0685c9ac95d8c81bee0dc72790
SOXGBVC13EA7E90F95,https://p.scdn.co/mp3-preview/bf17a8f9865705fd2aeaf2ad9c3a3dc569ecd5ee
SORYTQP14386432095,https://p.scdn.co/mp3-preview/1400fa5be0c384f6c4636371046f06c4e3461ede
SOZUZVR13C66ECA9E4,https://p.scdn.co/mp3-preview/61b49838470a4fc77da8157dab4a7a987d06724c
SOFCYXS12A58A7F7D8,https://p.scdn.co/mp3-preview/dbaf36ed534a8f5f88582cef157707a07d26868d
SOFKFGP1311AFD5583,https://p.scdn.co/mp3-preview/7d984078d0ffe303e830539958b53609d391b325
SOIZTFO13FFC345CF5,https://p.scdn.co/mp3-preview/a16fda8d24242bbed2f86fa2cb29effd0cf90cbd
SOTGIOR12AB017D86D,https://p.scdn.co/mp3-preview/43579e910c1f477a01e70dee2ef80d290eec904e
SOHECLZ1313438EEB4,https://p.scdn.co/mp3-preview/6dadbc44f6f4ee97e2ae6992ce6301cc84c0a6a4
SOLLKIK13ACBF4DB36,https://p.scdn.co/mp3-preview/5c7864543780625c594031cb8aefe076d2d5369e
SOWRLHV147F5EDF3A2,https://p.scdn.co/mp3-preview/a1dabbb7fd2cdd4722442a3d640bf190c055a84d
SOLFBQE1338A600D87,https://p.scdn.co/mp3-preview/27fc2c6dc63e66eb605cac0fa0e10a784e90dc1e
SOBPMAF131712D08D3,https://p.scdn.co/mp3-preview/235b7942ab64ecea9e66f451064cf0a0735011a0
SOFPHYZ130516E05DF,https://p.scdn.co/mp3-preview/407b1407681a47d03064d80ae2e329483901144d
SOOEHGR12A8C13F36B,https://p.scdn.co/mp3-preview/ca42678896c06bcdd8f8f26059f78e3235f9ed06
SOHUSLV12A81C21655,https://p.scdn.co/mp3-preview/0c227580a6e37f11ffdc58d9af174d35d125ff1f
SOTYKWL1315CD4B981,https://p.scdn.co/mp3-preview/f7865b3c29ed2ef4756adaaa8c272b6de32fadbe
SOVKSEV131C394CC17,https://p.scdn.co/mp3-preview/23027257b3f4ee655344254cba2cba2079ec6f17
SOAXGWJ1313438C22A,https://p.scdn.co/mp3-preview/6399d34c046239e8aba512f2ce89d6c41714ea29
SOABGPQ12A8AE47A37,https://p.scdn.co/mp3-preview/c73df0a3e4fff22a76172f26b3ea84b2286f05e0
SOBKGGW1315CD4BDFE,https://p.scdn.co/mp3-preview/33cb33b17a8581160589136bae23439dfd4d9c3a
SOAWTUL1311AFD7A46,https://p.scdn.co/mp3-preview/a70c2f0734ee20248c01d370ced25076d8d708c0
SOIVHQK136021169FB,https://p.scdn.co/mp3-preview/dba09fc1802dc090419288ad70d5e1dd90fa20e4
SOZRNTD142F0A07620,https://p.scdn.co/mp3-preview/98d2e580a4fd77d60c5e1c4d68667e86c83b5c67
SORAYNM13F671B6FBF,https://p.scdn.co/mp3-preview/0c410081ba042faa638e4bf96d49d282e55c8313
SOEGIYT12D9F524800,https://p.scdn.co/mp3-preview/43228f22969cad4927c1d79ef40e008cce53f8b4
SOSIGGY12AB0181D22,https://p.scdn.co/mp3-preview/79a7eb6f04bcdd2414405e4de09606f3a64552bf
SOTBFSS12AB01895F6,https://p.scdn.co/mp3-preview/878f54a1031018947f8916ab092b30af600d7722
SOQSRZZ12A8C13E19B,https://p.scdn.co/mp3-preview/2cef8dc7631a1afbc850c38ba503f29ad5b977de
SOFELTT13B463B53E3,https://p.scdn.co/mp3-preview/d7edd76834e43110fd3d1ef45535750a3028c200
SODBUTK13167715CA3,https://p.scdn.co/mp3-preview/12d53b9b58bd87eec03643538040b7b87b7f31e4
SODOEMR12A81C2394C,https://p.scdn.co/mp3-preview/06469381ffedb340fcff743d58976d8da384bc0c
SOXRSZR14823643934,https://p.scdn.co/mp3-preview/0b86b2b0b5ff66bedf59547c16641077eb596f57
SOTHYBI14A44FBE64C,https://p.scdn.co/mp3-preview/5ec87345765994b9b01f3bb78f205f9471f129dc
SOKDXQK14993237478,https://p.scdn.co/mp3-preview/0089a56ee093b749c5b99d8c29d5f96a413ae33d
SOFCJIA131343A3587,https://p.scdn.co/mp3-preview/e522180fce132a52d87b92e17c4c65aec1e4bdb3
SOSFXHO1402B6F915C,https://p.scdn.co/mp3-preview/c88331b0cc14392f4f46a5e5c98b68fe79011a24
SOBOWKN1377A7401D8,https://p.scdn.co/mp3-preview/192f4da662853ee196a6ed2303b8c377eab4b89c
SOMYNGR1372E9E2A8F,https://p.scdn.co/mp3-preview/6624950f88a494c0c6296fcf9a23a0cde3d47afa
SOAHIUO13F63198C2C,https://p.scdn.co/mp3-preview/94f9fc1b08239a1bf17397057565470682265827
SOZDSXS12A8C1403FA,https://p.scdn.co/mp3-preview/5cab9f7c7323da1f09b3a03e1d8a9e870d129c03
SOEZCBQ13105FA555F,https://p.scdn.co/mp3-preview/293e24c4ea4f6c45082e643b593d0817a93fd3f4
SOBGNLG1373E01E0A3,https://p.scdn.co/mp3-preview/a969f8ae81cb65565d94c7dc49013933c45da3b5
SOVSJJK12A67020202,https://p.scdn.co/mp3-preview/cf2ab2e5fb4e29b7f9caf83875f8391599c9ba07
SOODRWZ13ED1539149,https://p.scdn.co/mp3-preview/6e2da57456f7f956464e5c3011a52fd01082407d
SOGAALV136C59487BF,https://p.scdn.co/mp3-preview/a0ee377bf119b1ff13a045ed6f59f2eadb1db078
SOVWHAO12A6D4F693B,https://p.scdn.co/mp3-preview/a3a818c8aa8f56d5465000c1bfb4a964c9a1572c
SOCKSWS1315CD40610,https://p.scdn.co/mp3-preview/96ea2e292d9d01d7c74cdb0f4caa5b94d9c15c42
SOAVOSE12AF72A1BD9,https://p.scdn.co/mp3-preview/5872a1470747ef39b122d32a6f9b16644e7252ad
SOFGUMI131712D1976,https://p.scdn.co/mp3-preview/eb473b2a86f774a6aeedb581dd12cdb742ff9393
SOEZYXA144D6D6AC9A,https://p.scdn.co/mp3-preview/034717e850790a49d0e1ef7d7ce07594c4216618
SOBJRKC130516E24FD,https://p.scdn.co/mp3-preview/8cbaec12bf6239c4d00db095102a8cb0224faab4
SOEQTGY1313439A157,https://p.scdn.co/mp3-preview/b1c5ae355db6c72a66c22b52b040337abcba69ec
SOTNLWW12AB0183B21,https://p.scdn.co/mp3-preview/503af70e1fbd9f57bb99e7535c859ba80578976e
SODCNIQ137DFA75432,https://p.scdn.co/mp3-preview/d43237c882689f296dcf1ff82634d7e96eb8e711
SOVRTUI13EE31F150D,https://p.scdn.co/mp3-preview/cc65b3241d4df3a7ba26db0f9ee7eeacb08cf680
SOMKQRM13F850C74AB,https://p.scdn.co/mp3-preview/8d50c1a54bf5d3ef45a7d5768779003d85836f9c
SOLZTMA1315CD46280,https://p.scdn.co/mp3-preview/e2f5ecdfc357fb23d289d76f8daf4d581d9caaca
SOVNTZF1312FDFE806,https://p.scdn.co/mp3-preview/ebc5bbab18da54181befaa7877797692ea693052
SOCEQGE1313438987E,https://p.scdn.co/mp3-preview/99f6d61e66f08d45ba3a4e635a74fc2909afd189
SOLMKSP13F6623057A,https://p.scdn.co/mp3-preview/56c6ae606a60cd8807ec60dbf7d33ff5116c1d36
SODSULC13B6021874B,https://p.scdn.co/mp3-preview/777c376512d24c9381af9c5d4b4a3eac761b4ce5
SOKBWGO1311AFD69C7,https://p.scdn.co/mp3-preview/a4372d586d372e023c35b501015f8e10f2c72230
SOFOGWM13F73C3B247,https://p.scdn.co/mp3-preview/c86286b4c009cd4ba9602a6c4cc04c8f0eb8281d
SOIGXFR1315CD450E8,https://p.scdn.co/mp3-preview/2b00c20b639934d0ffd20869743ec4d5c294d863
SOAMCSE12A6701C62C,https://p.scdn.co/mp3-preview/3db51bb2d44f589abb11c5c2530d432071b2d354
SOIIPFQ12AB01856A1,https://p.scdn.co/mp3-preview/bf53e4af0bdb2e2585e8d5ce286bdc168ef88abb
SOIQOJX13167713DB1,https://p.scdn.co/mp3-preview/6df38035544b6d656a6612818efbf4aaf09e26a7
SOMADBT137A3F00CCF,https://p.scdn.co/mp3-preview/e485d773bf98f5796598d77156bf2e307accc6e1
SOYEXBV12A8C1348E6,https://p.scdn.co/mp3-preview/1e962342b49afd7c2f582cf9232980419cdabdf9
SODCZRS12AB0182FEC,https://p.scdn.co/mp3-preview/e3538f3ddf36a5fd8b9a7a3f8db2883afe5768ba
SOTRNWI142B318A334,https://p.scdn.co/mp3-preview/38f898501a592340e2b14630b25fc3bbc7357e97
SOPFGYL12A8AE4872E,https://p.scdn.co/mp3-preview/06d630adbb788dc0349941878d00cc400afca4c1
SOMDQDA13EBDC93719,https://p.scdn.co/mp3-preview/d9cf187c26fcf4ec0eba4a2f907bb11cc636bce5
SOMYVVW13665733CB3,https://p.scdn.co/mp3-preview/4deaf22f90be7806e0419b89e28b6e7dc4033e11
SOKFXDC13105FA5B67,https://p.scdn.co/mp3-preview/bdec0231c0d7aabe1d14893fc7ab4d547d963ff9
SOBAJIT1463D3A2330,https://p.scdn.co/mp3-preview/cf01554f068be8856c77c0190720c48ab42572dd
SOLPMLI135B83F1116,https://p.scdn.co/mp3-preview/f1039958b0009223242eb6605570c299772a9ed0
SOMQNIF130516E14D0,https://p.scdn.co/mp3-preview/b136a06ffcf22546d7330bedd4b7b8bd5e5ee77d
SOPXONC12AF72A45E1,https://p.scdn.co/mp3-preview/d7128d9067c10d463dc5c97118c3e936788ff5b0
SOASJRN1340BB04DDB,https://p.scdn.co/mp3-preview/08c9015c5c7fc2079fb64e1bd928de38cbdcb9a4
SOBTKZQ133A9233607,https://p.scdn.co/mp3-preview/a8407edf96ffe35975f05c95a3ff4f3f5fc3b3ab
SOFNKHS12AC46871B0,https://p.scdn.co/mp3-preview/bfff700f5fc7d5a7db704430a602d3e52971f1be
SOQIPBL12A8C13AF05,https://p.scdn.co/mp3-preview/c1254a490dd1f82a84efcd06ecb782f97e94a057
SOZFZFH1372849EF68,https://p.scdn.co/mp3-preview/1078ec300b1721489cff65171514bf99659f0fae
SORJICW12A6D4F7896,https://p.scdn.co/mp3-preview/9c7d751c21abd0fa5508ce0eedd184a02634014d
SOHYYHC13134386D51,https://p.scdn.co/mp3-preview/caf4a155eb9ad8b8afab1a9bee223307deadf28d
SOHYYHC13134386D51,https://p.scdn.co/mp3-preview/caf4a155eb9ad8b8afab1a9bee223307deadf28d
SODCEJV130516DB345,https://p.scdn.co/mp3-preview/830e1df72fd398ca9a91f37a5eabe0ac1ac0304f
SOGCOHT13105FA335E,https://p.scdn.co/mp3-preview/2c52ffc7a0c2edc59f6757cb018ad9b8b640f054
SOOBTGK13598324BC0,https://p.scdn.co/mp3-preview/05f927aa32b0c7af761faf4d3cc393d8852d9b6c
SODKABA1311AFE10C4,https://p.scdn.co/mp3-preview/7e453fc907c35a4d137c1029fee89f35267decfa
SOKITBP14241A50D5D,https://p.scdn.co/mp3-preview/45a02ec37368eb01d6f2257e88846855a51277ee
SOLUYTM1315CD4E0A9,https://p.scdn.co/mp3-preview/37c0df2b5d495b68fcd2b2fa2e46e7030aed25ff
SOLIUMA13152A73A6E,https://p.scdn.co/mp3-preview/07f76a80ba17596b9bdb436ac2e9cead73d2c06e
SOCTFXX1371584B9A7,https://p.scdn.co/mp3-preview/17de3987d1775ae419f90403a544666d1e9111fe
SOJHLTT13EE3F5A4C5,https://p.scdn.co/mp3-preview/705a7e0e0681dfd67c9127497c05c3c23eacc98b
SOGODGT147F31E0F26,https://p.scdn.co/mp3-preview/267b2f798a5c9812764bed7ebbc119e3cb0f3282
SOOAFNS136756D3383,https://p.scdn.co/mp3-preview/60ea23c3ac2f0b736a3bc8ee05e0638fa6212c99
SOLKOKN12A6D4F8B18,https://p.scdn.co/mp3-preview/74b3b6e8131eaa77563e49b03548e052e401ac39
SOVYZGJ1312FDFC0A6,https://p.scdn.co/mp3-preview/4a47a991f133f8c64f4a1f91d3b0f5cbf4026d63
SOXDXZA1313439C6D6,https://p.scdn.co/mp3-preview/750f4f38f4214401f451c23dba00298680694f7a
